source,target,weight,edge_type
NAV_0_0,NAV_10_0,10.0,corredor_horizontal
NAV_10_0,NAV_20_0,10.0,corredor_horizontal
NAV_20_0,NAV_30_0,10.0,corredor_horizontal
NAV_30_0,NAV_40_0,10.0,corredor_horizontal
NAV_40_0,NAV_50_0,10.0,corredor_horizontal
NAV_50_0,NAV_60_0,10.0,corredor_horizontal
NAV_60_0,NAV_70_0,10.0,corredor_horizontal
NAV_70_0,NAV_80_0,10.0,corredor_horizontal
NAV_80_0,NAV_90_0,10.0,corredor_horizontal
NAV_90_0,NAV_100_0,10.0,corredor_horizontal
NAV_100_0,NAV_110_0,10.0,corredor_horizontal
NAV_110_0,NAV_120_0,10.0,corredor_horizontal
NAV_120_0,NAV_130_0,10.0,corredor_horizontal
NAV_130_0,NAV_140_0,10.0,corredor_horizontal
NAV_140_0,NAV_150_0,10.0,corredor_horizontal
NAV_150_0,NAV_160_0,10.0,corredor_horizontal
NAV_160_0,NAV_170_0,10.0,corredor_horizontal
NAV_170_0,NAV_180_0,10.0,corredor_horizontal
NAV_180_0,NAV_190_0,10.0,corredor_horizontal
NAV_190_0,NAV_200_0,10.0,corredor_horizontal
NAV_200_0,NAV_210_0,10.0,corredor_horizontal
NAV_210_0,NAV_220_0,10.0,corredor_horizontal
NAV_220_0,NAV_230_0,10.0,corredor_horizontal
NAV_230_0,NAV_240_0,10.0,corredor_horizontal
NAV_240_0,NAV_250_0,10.0,corredor_horizontal
NAV_0_50,NAV_10_50,10.0,corredor_horizontal
NAV_10_50,NAV_20_50,10.0,corredor_horizontal
NAV_20_50,NAV_30_50,10.0,corredor_horizontal
NAV_30_50,NAV_40_50,10.0,corredor_horizontal
NAV_40_50,NAV_50_50,10.0,corredor_horizontal
NAV_50_50,NAV_60_50,10.0,corredor_horizontal
NAV_60_50,NAV_70_50,10.0,corredor_horizontal
NAV_70_50,NAV_80_50,10.0,corredor_horizontal
NAV_80_50,NAV_90_50,10.0,corredor_horizontal
NAV_90_50,NAV_100_50,10.0,corredor_horizontal
NAV_100_50,NAV_110_50,10.0,corredor_horizontal
NAV_110_50,NAV_120_50,10.0,corredor_horizontal
NAV_120_50,NAV_130_50,10.0,corredor_horizontal
NAV_130_50,NAV_140_50,10.0,corredor_horizontal
NAV_140_50,NAV_150_50,10.0,corredor_horizontal
NAV_150_50,NAV_160_50,10.0,corredor_horizontal
NAV_160_50,NAV_170_50,10.0,corredor_horizontal
NAV_170_50,NAV_180_50,10.0,corredor_horizontal
NAV_180_50,NAV_190_50,10.0,corredor_horizontal
NAV_190_50,NAV_200_50,10.0,corredor_horizontal
NAV_200_50,NAV_210_50,10.0,corredor_horizontal
NAV_210_50,NAV_220_50,10.0,corredor_horizontal
NAV_220_50,NAV_230_50,10.0,corredor_horizontal
NAV_230_50,NAV_240_50,10.0,corredor_horizontal
NAV_240_50,NAV_250_50,10.0,corredor_horizontal
NAV_0_100,NAV_10_100,10.0,corredor_horizontal
NAV_10_100,NAV_20_100,10.0,corredor_horizontal
NAV_20_100,NAV_30_100,10.0,corredor_horizontal
NAV_30_100,NAV_40_100,10.0,corredor_horizontal
NAV_40_100,NAV_50_100,10.0,corredor_horizontal
NAV_50_100,NAV_60_100,10.0,corredor_horizontal
NAV_60_100,NAV_70_100,10.0,corredor_horizontal
NAV_70_100,NAV_80_100,10.0,corredor_horizontal
NAV_80_100,NAV_90_100,10.0,corredor_horizontal
NAV_90_100,NAV_100_100,10.0,corredor_horizontal
NAV_100_100,NAV_110_100,10.0,corredor_horizontal
NAV_110_100,NAV_120_100,10.0,corredor_horizontal
NAV_120_100,NAV_130_100,10.0,corredor_horizontal
NAV_130_100,NAV_140_100,10.0,corredor_horizontal
NAV_140_100,NAV_150_100,10.0,corredor_horizontal
NAV_150_100,NAV_160_100,10.0,corredor_horizontal
NAV_160_100,NAV_170_100,10.0,corredor_horizontal
NAV_170_100,NAV_180_100,10.0,corredor_horizontal
NAV_180_100,NAV_190_100,10.0,corredor_horizontal
NAV_190_100,NAV_200_100,10.0,corredor_horizontal
NAV_200_100,NAV_210_100,10.0,corredor_horizontal
NAV_210_100,NAV_220_100,10.0,corredor_horizontal
NAV_220_100,NAV_230_100,10.0,corredor_horizontal
NAV_230_100,NAV_240_100,10.0,corredor_horizontal
NAV_240_100,NAV_250_100,10.0,corredor_horizontal
NAV_0_0,PASILLO_0_4,4.0,pasillo_vertical
PASILLO_0_4,RACK_-2_4,2.0,acceso_rack
PASILLO_0_4,RACK_2_4,2.0,acceso_rack
PASILLO_0_4,PASILLO_0_8,4.0,pasillo_vertical
PASILLO_0_8,RACK_-2_8,2.0,acceso_rack
PASILLO_0_8,RACK_2_8,2.0,acceso_rack
PASILLO_0_8,PASILLO_0_12,4.0,pasillo_vertical
PASILLO_0_12,RACK_-2_12,2.0,acceso_rack
PASILLO_0_12,RACK_2_12,2.0,acceso_rack
PASILLO_0_12,PASILLO_0_16,4.0,pasillo_vertical
PASILLO_0_16,RACK_-2_16,2.0,acceso_rack
PASILLO_0_16,RACK_2_16,2.0,acceso_rack
PASILLO_0_16,PASILLO_0_20,4.0,pasillo_vertical
PASILLO_0_20,RACK_-2_20,2.0,acceso_rack
PASILLO_0_20,RACK_2_20,2.0,acceso_rack
PASILLO_0_20,PASILLO_0_24,4.0,pasillo_vertical
PASILLO_0_24,RACK_-2_24,2.0,acceso_rack
PASILLO_0_24,RACK_2_24,2.0,acceso_rack
PASILLO_0_24,PASILLO_0_28,4.0,pasillo_vertical
PASILLO_0_28,RACK_-2_28,2.0,acceso_rack
PASILLO_0_28,RACK_2_28,2.0,acceso_rack
PASILLO_0_28,PASILLO_0_32,4.0,pasillo_vertical
PASILLO_0_32,RACK_-2_32,2.0,acceso_rack
PASILLO_0_32,RACK_2_32,2.0,acceso_rack
PASILLO_0_32,PASILLO_0_36,4.0,pasillo_vertical
PASILLO_0_36,RACK_-2_36,2.0,acceso_rack
PASILLO_0_36,RACK_2_36,2.0,acceso_rack
PASILLO_0_36,PASILLO_0_40,4.0,pasillo_vertical
PASILLO_0_40,RACK_-2_40,2.0,acceso_rack
PASILLO_0_40,RACK_2_40,2.0,acceso_rack
PASILLO_0_40,NAV_0_50,10.0,pasillo_vertical
NAV_0_50,PASILLO_0_54,4.0,pasillo_vertical
PASILLO_0_54,RACK_-2_54,2.0,acceso_rack
PASILLO_0_54,RACK_2_54,2.0,acceso_rack
PASILLO_0_54,PASILLO_0_58,4.0,pasillo_vertical
PASILLO_0_58,RACK_-2_58,2.0,acceso_rack
PASILLO_0_58,RACK_2_58,2.0,acceso_rack
PASILLO_0_58,PASILLO_0_62,4.0,pasillo_vertical
PASILLO_0_62,RACK_-2_62,2.0,acceso_rack
PASILLO_0_62,RACK_2_62,2.0,acceso_rack
PASILLO_0_62,PASILLO_0_66,4.0,pasillo_vertical
PASILLO_0_66,RACK_-2_66,2.0,acceso_rack
PASILLO_0_66,RACK_2_66,2.0,acceso_rack
PASILLO_0_66,PASILLO_0_70,4.0,pasillo_vertical
PASILLO_0_70,RACK_-2_70,2.0,acceso_rack
PASILLO_0_70,RACK_2_70,2.0,acceso_rack
PASILLO_0_70,PASILLO_0_74,4.0,pasillo_vertical
PASILLO_0_74,RACK_-2_74,2.0,acceso_rack
PASILLO_0_74,RACK_2_74,2.0,acceso_rack
PASILLO_0_74,PASILLO_0_78,4.0,pasillo_vertical
PASILLO_0_78,RACK_-2_78,2.0,acceso_rack
PASILLO_0_78,RACK_2_78,2.0,acceso_rack
PASILLO_0_78,PASILLO_0_82,4.0,pasillo_vertical
PASILLO_0_82,RACK_-2_82,2.0,acceso_rack
PASILLO_0_82,RACK_2_82,2.0,acceso_rack
PASILLO_0_82,PASILLO_0_86,4.0,pasillo_vertical
PASILLO_0_86,RACK_-2_86,2.0,acceso_rack
PASILLO_0_86,RACK_2_86,2.0,acceso_rack
PASILLO_0_86,PASILLO_0_90,4.0,pasillo_vertical
PASILLO_0_90,RACK_-2_90,2.0,acceso_rack
PASILLO_0_90,RACK_2_90,2.0,acceso_rack
PASILLO_0_90,NAV_0_100,10.0,pasillo_vertical
NAV_10_0,PASILLO_10_4,4.0,pasillo_vertical
PASILLO_10_4,RACK_8_4,2.0,acceso_rack
PASILLO_10_4,RACK_12_4,2.0,acceso_rack
PASILLO_10_4,PASILLO_10_8,4.0,pasillo_vertical
PASILLO_10_8,RACK_8_8,2.0,acceso_rack
PASILLO_10_8,RACK_12_8,2.0,acceso_rack
PASILLO_10_8,PASILLO_10_12,4.0,pasillo_vertical
PASILLO_10_12,RACK_8_12,2.0,acceso_rack
PASILLO_10_12,RACK_12_12,2.0,acceso_rack
PASILLO_10_12,PASILLO_10_16,4.0,pasillo_vertical
PASILLO_10_16,RACK_8_16,2.0,acceso_rack
PASILLO_10_16,RACK_12_16,2.0,acceso_rack
PASILLO_10_16,PASILLO_10_20,4.0,pasillo_vertical
PASILLO_10_20,RACK_8_20,2.0,acceso_rack
PASILLO_10_20,RACK_12_20,2.0,acceso_rack
PASILLO_10_20,PASILLO_10_24,4.0,pasillo_vertical
PASILLO_10_24,RACK_8_24,2.0,acceso_rack
PASILLO_10_24,RACK_12_24,2.0,acceso_rack
PASILLO_10_24,PASILLO_10_28,4.0,pasillo_vertical
PASILLO_10_28,RACK_8_28,2.0,acceso_rack
PASILLO_10_28,RACK_12_28,2.0,acceso_rack
PASILLO_10_28,PASILLO_10_32,4.0,pasillo_vertical
PASILLO_10_32,RACK_8_32,2.0,acceso_rack
PASILLO_10_32,RACK_12_32,2.0,acceso_rack
PASILLO_10_32,PASILLO_10_36,4.0,pasillo_vertical
PASILLO_10_36,RACK_8_36,2.0,acceso_rack
PASILLO_10_36,RACK_12_36,2.0,acceso_rack
PASILLO_10_36,PASILLO_10_40,4.0,pasillo_vertical
PASILLO_10_40,RACK_8_40,2.0,acceso_rack
PASILLO_10_40,RACK_12_40,2.0,acceso_rack
PASILLO_10_40,NAV_10_50,10.0,pasillo_vertical
NAV_10_50,PASILLO_10_54,4.0,pasillo_vertical
PASILLO_10_54,RACK_8_54,2.0,acceso_rack
PASILLO_10_54,RACK_12_54,2.0,acceso_rack
PASILLO_10_54,PASILLO_10_58,4.0,pasillo_vertical
PASILLO_10_58,RACK_8_58,2.0,acceso_rack
PASILLO_10_58,RACK_12_58,2.0,acceso_rack
PASILLO_10_58,PASILLO_10_62,4.0,pasillo_vertical
PASILLO_10_62,RACK_8_62,2.0,acceso_rack
PASILLO_10_62,RACK_12_62,2.0,acceso_rack
PASILLO_10_62,PASILLO_10_66,4.0,pasillo_vertical
PASILLO_10_66,RACK_8_66,2.0,acceso_rack
PASILLO_10_66,RACK_12_66,2.0,acceso_rack
PASILLO_10_66,PASILLO_10_70,4.0,pasillo_vertical
PASILLO_10_70,RACK_8_70,2.0,acceso_rack
PASILLO_10_70,RACK_12_70,2.0,acceso_rack
PASILLO_10_70,PASILLO_10_74,4.0,pasillo_vertical
PASILLO_10_74,RACK_8_74,2.0,acceso_rack
PASILLO_10_74,RACK_12_74,2.0,acceso_rack
PASILLO_10_74,PASILLO_10_78,4.0,pasillo_vertical
PASILLO_10_78,RACK_8_78,2.0,acceso_rack
PASILLO_10_78,RACK_12_78,2.0,acceso_rack
PASILLO_10_78,PASILLO_10_82,4.0,pasillo_vertical
PASILLO_10_82,RACK_8_82,2.0,acceso_rack
PASILLO_10_82,RACK_12_82,2.0,acceso_rack
PASILLO_10_82,PASILLO_10_86,4.0,pasillo_vertical
PASILLO_10_86,RACK_8_86,2.0,acceso_rack
PASILLO_10_86,RACK_12_86,2.0,acceso_rack
PASILLO_10_86,PASILLO_10_90,4.0,pasillo_vertical
PASILLO_10_90,RACK_8_90,2.0,acceso_rack
PASILLO_10_90,RACK_12_90,2.0,acceso_rack
PASILLO_10_90,NAV_10_100,10.0,pasillo_vertical
NAV_20_0,PASILLO_20_4,4.0,pasillo_vertical
PASILLO_20_4,RACK_18_4,2.0,acceso_rack
PASILLO_20_4,RACK_22_4,2.0,acceso_rack
PASILLO_20_4,PASILLO_20_8,4.0,pasillo_vertical
PASILLO_20_8,RACK_18_8,2.0,acceso_rack
PASILLO_20_8,RACK_22_8,2.0,acceso_rack
PASILLO_20_8,PASILLO_20_12,4.0,pasillo_vertical
PASILLO_20_12,RACK_18_12,2.0,acceso_rack
PASILLO_20_12,RACK_22_12,2.0,acceso_rack
PASILLO_20_12,PASILLO_20_16,4.0,pasillo_vertical
PASILLO_20_16,RACK_18_16,2.0,acceso_rack
PASILLO_20_16,RACK_22_16,2.0,acceso_rack
PASILLO_20_16,PASILLO_20_20,4.0,pasillo_vertical
PASILLO_20_20,RACK_18_20,2.0,acceso_rack
PASILLO_20_20,RACK_22_20,2.0,acceso_rack
PASILLO_20_20,PASILLO_20_24,4.0,pasillo_vertical
PASILLO_20_24,RACK_18_24,2.0,acceso_rack
PASILLO_20_24,RACK_22_24,2.0,acceso_rack
PASILLO_20_24,PASILLO_20_28,4.0,pasillo_vertical
PASILLO_20_28,RACK_18_28,2.0,acceso_rack
PASILLO_20_28,RACK_22_28,2.0,acceso_rack
PASILLO_20_28,PASILLO_20_32,4.0,pasillo_vertical
PASILLO_20_32,RACK_18_32,2.0,acceso_rack
PASILLO_20_32,RACK_22_32,2.0,acceso_rack
PASILLO_20_32,PASILLO_20_36,4.0,pasillo_vertical
PASILLO_20_36,RACK_18_36,2.0,acceso_rack
PASILLO_20_36,RACK_22_36,2.0,acceso_rack
PASILLO_20_36,PASILLO_20_40,4.0,pasillo_vertical
PASILLO_20_40,RACK_18_40,2.0,acceso_rack
PASILLO_20_40,RACK_22_40,2.0,acceso_rack
PASILLO_20_40,NAV_20_50,10.0,pasillo_vertical
NAV_20_50,PASILLO_20_54,4.0,pasillo_vertical
PASILLO_20_54,RACK_18_54,2.0,acceso_rack
PASILLO_20_54,RACK_22_54,2.0,acceso_rack
PASILLO_20_54,PASILLO_20_58,4.0,pasillo_vertical
PASILLO_20_58,RACK_18_58,2.0,acceso_rack
PASILLO_20_58,RACK_22_58,2.0,acceso_rack
PASILLO_20_58,PASILLO_20_62,4.0,pasillo_vertical
PASILLO_20_62,RACK_18_62,2.0,acceso_rack
PASILLO_20_62,RACK_22_62,2.0,acceso_rack
PASILLO_20_62,PASILLO_20_66,4.0,pasillo_vertical
PASILLO_20_66,RACK_18_66,2.0,acceso_rack
PASILLO_20_66,RACK_22_66,2.0,acceso_rack
PASILLO_20_66,PASILLO_20_70,4.0,pasillo_vertical
PASILLO_20_70,RACK_18_70,2.0,acceso_rack
PASILLO_20_70,RACK_22_70,2.0,acceso_rack
PASILLO_20_70,PASILLO_20_74,4.0,pasillo_vertical
PASILLO_20_74,RACK_18_74,2.0,acceso_rack
PASILLO_20_74,RACK_22_74,2.0,acceso_rack
PASILLO_20_74,PASILLO_20_78,4.0,pasillo_vertical
PASILLO_20_78,RACK_18_78,2.0,acceso_rack
PASILLO_20_78,RACK_22_78,2.0,acceso_rack
PASILLO_20_78,PASILLO_20_82,4.0,pasillo_vertical
PASILLO_20_82,RACK_18_82,2.0,acceso_rack
PASILLO_20_82,RACK_22_82,2.0,acceso_rack
PASILLO_20_82,PASILLO_20_86,4.0,pasillo_vertical
PASILLO_20_86,RACK_18_86,2.0,acceso_rack
PASILLO_20_86,RACK_22_86,2.0,acceso_rack
PASILLO_20_86,PASILLO_20_90,4.0,pasillo_vertical
PASILLO_20_90,RACK_18_90,2.0,acceso_rack
PASILLO_20_90,RACK_22_90,2.0,acceso_rack
PASILLO_20_90,NAV_20_100,10.0,pasillo_vertical
NAV_30_0,PASILLO_30_4,4.0,pasillo_vertical
PASILLO_30_4,RACK_28_4,2.0,acceso_rack
PASILLO_30_4,RACK_32_4,2.0,acceso_rack
PASILLO_30_4,PASILLO_30_8,4.0,pasillo_vertical
PASILLO_30_8,RACK_28_8,2.0,acceso_rack
PASILLO_30_8,RACK_32_8,2.0,acceso_rack
PASILLO_30_8,PASILLO_30_12,4.0,pasillo_vertical
PASILLO_30_12,RACK_28_12,2.0,acceso_rack
PASILLO_30_12,RACK_32_12,2.0,acceso_rack
PASILLO_30_12,PASILLO_30_16,4.0,pasillo_vertical
PASILLO_30_16,RACK_28_16,2.0,acceso_rack
PASILLO_30_16,RACK_32_16,2.0,acceso_rack
PASILLO_30_16,PASILLO_30_20,4.0,pasillo_vertical
PASILLO_30_20,RACK_28_20,2.0,acceso_rack
PASILLO_30_20,RACK_32_20,2.0,acceso_rack
PASILLO_30_20,PASILLO_30_24,4.0,pasillo_vertical
PASILLO_30_24,RACK_28_24,2.0,acceso_rack
PASILLO_30_24,RACK_32_24,2.0,acceso_rack
PASILLO_30_24,PASILLO_30_28,4.0,pasillo_vertical
PASILLO_30_28,RACK_28_28,2.0,acceso_rack
PASILLO_30_28,RACK_32_28,2.0,acceso_rack
PASILLO_30_28,PASILLO_30_32,4.0,pasillo_vertical
PASILLO_30_32,RACK_28_32,2.0,acceso_rack
PASILLO_30_32,RACK_32_32,2.0,acceso_rack
PASILLO_30_32,PASILLO_30_36,4.0,pasillo_vertical
PASILLO_30_36,RACK_28_36,2.0,acceso_rack
PASILLO_30_36,RACK_32_36,2.0,acceso_rack
PASILLO_30_36,PASILLO_30_40,4.0,pasillo_vertical
PASILLO_30_40,RACK_28_40,2.0,acceso_rack
PASILLO_30_40,RACK_32_40,2.0,acceso_rack
PASILLO_30_40,NAV_30_50,10.0,pasillo_vertical
NAV_30_50,PASILLO_30_54,4.0,pasillo_vertical
PASILLO_30_54,RACK_28_54,2.0,acceso_rack
PASILLO_30_54,RACK_32_54,2.0,acceso_rack
PASILLO_30_54,PASILLO_30_58,4.0,pasillo_vertical
PASILLO_30_58,RACK_28_58,2.0,acceso_rack
PASILLO_30_58,RACK_32_58,2.0,acceso_rack
PASILLO_30_58,PASILLO_30_62,4.0,pasillo_vertical
PASILLO_30_62,RACK_28_62,2.0,acceso_rack
PASILLO_30_62,RACK_32_62,2.0,acceso_rack
PASILLO_30_62,PASILLO_30_66,4.0,pasillo_vertical
PASILLO_30_66,RACK_28_66,2.0,acceso_rack
PASILLO_30_66,RACK_32_66,2.0,acceso_rack
PASILLO_30_66,PASILLO_30_70,4.0,pasillo_vertical
PASILLO_30_70,RACK_28_70,2.0,acceso_rack
PASILLO_30_70,RACK_32_70,2.0,acceso_rack
PASILLO_30_70,PASILLO_30_74,4.0,pasillo_vertical
PASILLO_30_74,RACK_28_74,2.0,acceso_rack
PASILLO_30_74,RACK_32_74,2.0,acceso_rack
PASILLO_30_74,PASILLO_30_78,4.0,pasillo_vertical
PASILLO_30_78,RACK_28_78,2.0,acceso_rack
PASILLO_30_78,RACK_32_78,2.0,acceso_rack
PASILLO_30_78,PASILLO_30_82,4.0,pasillo_vertical
PASILLO_30_82,RACK_28_82,2.0,acceso_rack
PASILLO_30_82,RACK_32_82,2.0,acceso_rack
PASILLO_30_82,PASILLO_30_86,4.0,pasillo_vertical
PASILLO_30_86,RACK_28_86,2.0,acceso_rack
PASILLO_30_86,RACK_32_86,2.0,acceso_rack
PASILLO_30_86,PASILLO_30_90,4.0,pasillo_vertical
PASILLO_30_90,RACK_28_90,2.0,acceso_rack
PASILLO_30_90,RACK_32_90,2.0,acceso_rack
PASILLO_30_90,NAV_30_100,10.0,pasillo_vertical
NAV_40_0,PASILLO_40_4,4.0,pasillo_vertical
PASILLO_40_4,RACK_38_4,2.0,acceso_rack
PASILLO_40_4,RACK_42_4,2.0,acceso_rack
PASILLO_40_4,PASILLO_40_8,4.0,pasillo_vertical
PASILLO_40_8,RACK_38_8,2.0,acceso_rack
PASILLO_40_8,RACK_42_8,2.0,acceso_rack
PASILLO_40_8,PASILLO_40_12,4.0,pasillo_vertical
PASILLO_40_12,RACK_38_12,2.0,acceso_rack
PASILLO_40_12,RACK_42_12,2.0,acceso_rack
PASILLO_40_12,PASILLO_40_16,4.0,pasillo_vertical
PASILLO_40_16,RACK_38_16,2.0,acceso_rack
PASILLO_40_16,RACK_42_16,2.0,acceso_rack
PASILLO_40_16,PASILLO_40_20,4.0,pasillo_vertical
PASILLO_40_20,RACK_38_20,2.0,acceso_rack
PASILLO_40_20,RACK_42_20,2.0,acceso_rack
PASILLO_40_20,PASILLO_40_24,4.0,pasillo_vertical
PASILLO_40_24,RACK_38_24,2.0,acceso_rack
PASILLO_40_24,RACK_42_24,2.0,acceso_rack
PASILLO_40_24,PASILLO_40_28,4.0,pasillo_vertical
PASILLO_40_28,RACK_38_28,2.0,acceso_rack
PASILLO_40_28,RACK_42_28,2.0,acceso_rack
PASILLO_40_28,PASILLO_40_32,4.0,pasillo_vertical
PASILLO_40_32,RACK_38_32,2.0,acceso_rack
PASILLO_40_32,RACK_42_32,2.0,acceso_rack
PASILLO_40_32,PASILLO_40_36,4.0,pasillo_vertical
PASILLO_40_36,RACK_38_36,2.0,acceso_rack
PASILLO_40_36,RACK_42_36,2.0,acceso_rack
PASILLO_40_36,PASILLO_40_40,4.0,pasillo_vertical
PASILLO_40_40,RACK_38_40,2.0,acceso_rack
PASILLO_40_40,RACK_42_40,2.0,acceso_rack
PASILLO_40_40,NAV_40_50,10.0,pasillo_vertical
NAV_40_50,PASILLO_40_54,4.0,pasillo_vertical
PASILLO_40_54,RACK_38_54,2.0,acceso_rack
PASILLO_40_54,RACK_42_54,2.0,acceso_rack
PASILLO_40_54,PASILLO_40_58,4.0,pasillo_vertical
PASILLO_40_58,RACK_38_58,2.0,acceso_rack
PASILLO_40_58,RACK_42_58,2.0,acceso_rack
PASILLO_40_58,PASILLO_40_62,4.0,pasillo_vertical
PASILLO_40_62,RACK_38_62,2.0,acceso_rack
PASILLO_40_62,RACK_42_62,2.0,acceso_rack
PASILLO_40_62,PASILLO_40_66,4.0,pasillo_vertical
PASILLO_40_66,RACK_38_66,2.0,acceso_rack
PASILLO_40_66,RACK_42_66,2.0,acceso_rack
PASILLO_40_66,PASILLO_40_70,4.0,pasillo_vertical
PASILLO_40_70,RACK_38_70,2.0,acceso_rack
PASILLO_40_70,RACK_42_70,2.0,acceso_rack
PASILLO_40_70,PASILLO_40_74,4.0,pasillo_vertical
PASILLO_40_74,RACK_38_74,2.0,acceso_rack
PASILLO_40_74,RACK_42_74,2.0,acceso_rack
PASILLO_40_74,PASILLO_40_78,4.0,pasillo_vertical
PASILLO_40_78,RACK_38_78,2.0,acceso_rack
PASILLO_40_78,RACK_42_78,2.0,acceso_rack
PASILLO_40_78,PASILLO_40_82,4.0,pasillo_vertical
PASILLO_40_82,RACK_38_82,2.0,acceso_rack
PASILLO_40_82,RACK_42_82,2.0,acceso_rack
PASILLO_40_82,PASILLO_40_86,4.0,pasillo_vertical
PASILLO_40_86,RACK_38_86,2.0,acceso_rack
PASILLO_40_86,RACK_42_86,2.0,acceso_rack
PASILLO_40_86,PASILLO_40_90,4.0,pasillo_vertical
PASILLO_40_90,RACK_38_90,2.0,acceso_rack
PASILLO_40_90,RACK_42_90,2.0,acceso_rack
PASILLO_40_90,NAV_40_100,10.0,pasillo_vertical
NAV_50_0,PASILLO_50_4,4.0,pasillo_vertical
PASILLO_50_4,RACK_48_4,2.0,acceso_rack
PASILLO_50_4,RACK_52_4,2.0,acceso_rack
PASILLO_50_4,PASILLO_50_8,4.0,pasillo_vertical
PASILLO_50_8,RACK_48_8,2.0,acceso_rack
PASILLO_50_8,RACK_52_8,2.0,acceso_rack
PASILLO_50_8,PASILLO_50_12,4.0,pasillo_vertical
PASILLO_50_12,RACK_48_12,2.0,acceso_rack
PASILLO_50_12,RACK_52_12,2.0,acceso_rack
PASILLO_50_12,PASILLO_50_16,4.0,pasillo_vertical
PASILLO_50_16,RACK_48_16,2.0,acceso_rack
PASILLO_50_16,RACK_52_16,2.0,acceso_rack
PASILLO_50_16,PASILLO_50_20,4.0,pasillo_vertical
PASILLO_50_20,RACK_48_20,2.0,acceso_rack
PASILLO_50_20,RACK_52_20,2.0,acceso_rack
PASILLO_50_20,PASILLO_50_24,4.0,pasillo_vertical
PASILLO_50_24,RACK_48_24,2.0,acceso_rack
PASILLO_50_24,RACK_52_24,2.0,acceso_rack
PASILLO_50_24,PASILLO_50_28,4.0,pasillo_vertical
PASILLO_50_28,RACK_48_28,2.0,acceso_rack
PASILLO_50_28,RACK_52_28,2.0,acceso_rack
PASILLO_50_28,PASILLO_50_32,4.0,pasillo_vertical
PASILLO_50_32,RACK_48_32,2.0,acceso_rack
PASILLO_50_32,RACK_52_32,2.0,acceso_rack
PASILLO_50_32,PASILLO_50_36,4.0,pasillo_vertical
PASILLO_50_36,RACK_48_36,2.0,acceso_rack
PASILLO_50_36,RACK_52_36,2.0,acceso_rack
PASILLO_50_36,PASILLO_50_40,4.0,pasillo_vertical
PASILLO_50_40,RACK_48_40,2.0,acceso_rack
PASILLO_50_40,RACK_52_40,2.0,acceso_rack
PASILLO_50_40,NAV_50_50,10.0,pasillo_vertical
NAV_50_50,PASILLO_50_54,4.0,pasillo_vertical
PASILLO_50_54,RACK_48_54,2.0,acceso_rack
PASILLO_50_54,RACK_52_54,2.0,acceso_rack
PASILLO_50_54,PASILLO_50_58,4.0,pasillo_vertical
PASILLO_50_58,RACK_48_58,2.0,acceso_rack
PASILLO_50_58,RACK_52_58,2.0,acceso_rack
PASILLO_50_58,PASILLO_50_62,4.0,pasillo_vertical
PASILLO_50_62,RACK_48_62,2.0,acceso_rack
PASILLO_50_62,RACK_52_62,2.0,acceso_rack
PASILLO_50_62,PASILLO_50_66,4.0,pasillo_vertical
PASILLO_50_66,RACK_48_66,2.0,acceso_rack
PASILLO_50_66,RACK_52_66,2.0,acceso_rack
PASILLO_50_66,PASILLO_50_70,4.0,pasillo_vertical
PASILLO_50_70,RACK_48_70,2.0,acceso_rack
PASILLO_50_70,RACK_52_70,2.0,acceso_rack
PASILLO_50_70,PASILLO_50_74,4.0,pasillo_vertical
PASILLO_50_74,RACK_48_74,2.0,acceso_rack
PASILLO_50_74,RACK_52_74,2.0,acceso_rack
PASILLO_50_74,PASILLO_50_78,4.0,pasillo_vertical
PASILLO_50_78,RACK_48_78,2.0,acceso_rack
PASILLO_50_78,RACK_52_78,2.0,acceso_rack
PASILLO_50_78,PASILLO_50_82,4.0,pasillo_vertical
PASILLO_50_82,RACK_48_82,2.0,acceso_rack
PASILLO_50_82,RACK_52_82,2.0,acceso_rack
PASILLO_50_82,PASILLO_50_86,4.0,pasillo_vertical
PASILLO_50_86,RACK_48_86,2.0,acceso_rack
PASILLO_50_86,RACK_52_86,2.0,acceso_rack
PASILLO_50_86,PASILLO_50_90,4.0,pasillo_vertical
PASILLO_50_90,RACK_48_90,2.0,acceso_rack
PASILLO_50_90,RACK_52_90,2.0,acceso_rack
PASILLO_50_90,NAV_50_100,10.0,pasillo_vertical
NAV_60_0,PASILLO_60_4,4.0,pasillo_vertical
PASILLO_60_4,RACK_58_4,2.0,acceso_rack
PASILLO_60_4,RACK_62_4,2.0,acceso_rack
PASILLO_60_4,PASILLO_60_8,4.0,pasillo_vertical
PASILLO_60_8,RACK_58_8,2.0,acceso_rack
PASILLO_60_8,RACK_62_8,2.0,acceso_rack
PASILLO_60_8,PASILLO_60_12,4.0,pasillo_vertical
PASILLO_60_12,RACK_58_12,2.0,acceso_rack
PASILLO_60_12,RACK_62_12,2.0,acceso_rack
PASILLO_60_12,PASILLO_60_16,4.0,pasillo_vertical
PASILLO_60_16,RACK_58_16,2.0,acceso_rack
PASILLO_60_16,RACK_62_16,2.0,acceso_rack
PASILLO_60_16,PASILLO_60_20,4.0,pasillo_vertical
PASILLO_60_20,RACK_58_20,2.0,acceso_rack
PASILLO_60_20,RACK_62_20,2.0,acceso_rack
PASILLO_60_20,PASILLO_60_24,4.0,pasillo_vertical
PASILLO_60_24,RACK_58_24,2.0,acceso_rack
PASILLO_60_24,RACK_62_24,2.0,acceso_rack
PASILLO_60_24,PASILLO_60_28,4.0,pasillo_vertical
PASILLO_60_28,RACK_58_28,2.0,acceso_rack
PASILLO_60_28,RACK_62_28,2.0,acceso_rack
PASILLO_60_28,PASILLO_60_32,4.0,pasillo_vertical
PASILLO_60_32,RACK_58_32,2.0,acceso_rack
PASILLO_60_32,RACK_62_32,2.0,acceso_rack
PASILLO_60_32,PASILLO_60_36,4.0,pasillo_vertical
PASILLO_60_36,RACK_58_36,2.0,acceso_rack
PASILLO_60_36,RACK_62_36,2.0,acceso_rack
PASILLO_60_36,PASILLO_60_40,4.0,pasillo_vertical
PASILLO_60_40,RACK_58_40,2.0,acceso_rack
PASILLO_60_40,RACK_62_40,2.0,acceso_rack
PASILLO_60_40,NAV_60_50,10.0,pasillo_vertical
NAV_60_50,PASILLO_60_54,4.0,pasillo_vertical
PASILLO_60_54,RACK_58_54,2.0,acceso_rack
PASILLO_60_54,RACK_62_54,2.0,acceso_rack
PASILLO_60_54,PASILLO_60_58,4.0,pasillo_vertical
PASILLO_60_58,RACK_58_58,2.0,acceso_rack
PASILLO_60_58,RACK_62_58,2.0,acceso_rack
PASILLO_60_58,PASILLO_60_62,4.0,pasillo_vertical
PASILLO_60_62,RACK_58_62,2.0,acceso_rack
PASILLO_60_62,RACK_62_62,2.0,acceso_rack
PASILLO_60_62,PASILLO_60_66,4.0,pasillo_vertical
PASILLO_60_66,RACK_58_66,2.0,acceso_rack
PASILLO_60_66,RACK_62_66,2.0,acceso_rack
PASILLO_60_66,PASILLO_60_70,4.0,pasillo_vertical
PASILLO_60_70,RACK_58_70,2.0,acceso_rack
PASILLO_60_70,RACK_62_70,2.0,acceso_rack
PASILLO_60_70,PASILLO_60_74,4.0,pasillo_vertical
PASILLO_60_74,RACK_58_74,2.0,acceso_rack
PASILLO_60_74,RACK_62_74,2.0,acceso_rack
PASILLO_60_74,PASILLO_60_78,4.0,pasillo_vertical
PASILLO_60_78,RACK_58_78,2.0,acceso_rack
PASILLO_60_78,RACK_62_78,2.0,acceso_rack
PASILLO_60_78,PASILLO_60_82,4.0,pasillo_vertical
PASILLO_60_82,RACK_58_82,2.0,acceso_rack
PASILLO_60_82,RACK_62_82,2.0,acceso_rack
PASILLO_60_82,PASILLO_60_86,4.0,pasillo_vertical
PASILLO_60_86,RACK_58_86,2.0,acceso_rack
PASILLO_60_86,RACK_62_86,2.0,acceso_rack
PASILLO_60_86,PASILLO_60_90,4.0,pasillo_vertical
PASILLO_60_90,RACK_58_90,2.0,acceso_rack
PASILLO_60_90,RACK_62_90,2.0,acceso_rack
PASILLO_60_90,NAV_60_100,10.0,pasillo_vertical
NAV_70_0,PASILLO_70_4,4.0,pasillo_vertical
PASILLO_70_4,RACK_68_4,2.0,acceso_rack
PASILLO_70_4,RACK_72_4,2.0,acceso_rack
PASILLO_70_4,PASILLO_70_8,4.0,pasillo_vertical
PASILLO_70_8,RACK_68_8,2.0,acceso_rack
PASILLO_70_8,RACK_72_8,2.0,acceso_rack
PASILLO_70_8,PASILLO_70_12,4.0,pasillo_vertical
PASILLO_70_12,RACK_68_12,2.0,acceso_rack
PASILLO_70_12,RACK_72_12,2.0,acceso_rack
PASILLO_70_12,PASILLO_70_16,4.0,pasillo_vertical
PASILLO_70_16,RACK_68_16,2.0,acceso_rack
PASILLO_70_16,RACK_72_16,2.0,acceso_rack
PASILLO_70_16,PASILLO_70_20,4.0,pasillo_vertical
PASILLO_70_20,RACK_68_20,2.0,acceso_rack
PASILLO_70_20,RACK_72_20,2.0,acceso_rack
PASILLO_70_20,PASILLO_70_24,4.0,pasillo_vertical
PASILLO_70_24,RACK_68_24,2.0,acceso_rack
PASILLO_70_24,RACK_72_24,2.0,acceso_rack
PASILLO_70_24,PASILLO_70_28,4.0,pasillo_vertical
PASILLO_70_28,RACK_68_28,2.0,acceso_rack
PASILLO_70_28,RACK_72_28,2.0,acceso_rack
PASILLO_70_28,PASILLO_70_32,4.0,pasillo_vertical
PASILLO_70_32,RACK_68_32,2.0,acceso_rack
PASILLO_70_32,RACK_72_32,2.0,acceso_rack
PASILLO_70_32,PASILLO_70_36,4.0,pasillo_vertical
PASILLO_70_36,RACK_68_36,2.0,acceso_rack
PASILLO_70_36,RACK_72_36,2.0,acceso_rack
PASILLO_70_36,PASILLO_70_40,4.0,pasillo_vertical
PASILLO_70_40,RACK_68_40,2.0,acceso_rack
PASILLO_70_40,RACK_72_40,2.0,acceso_rack
PASILLO_70_40,NAV_70_50,10.0,pasillo_vertical
NAV_70_50,PASILLO_70_54,4.0,pasillo_vertical
PASILLO_70_54,RACK_68_54,2.0,acceso_rack
PASILLO_70_54,RACK_72_54,2.0,acceso_rack
PASILLO_70_54,PASILLO_70_58,4.0,pasillo_vertical
PASILLO_70_58,RACK_68_58,2.0,acceso_rack
PASILLO_70_58,RACK_72_58,2.0,acceso_rack
PASILLO_70_58,PASILLO_70_62,4.0,pasillo_vertical
PASILLO_70_62,RACK_68_62,2.0,acceso_rack
PASILLO_70_62,RACK_72_62,2.0,acceso_rack
PASILLO_70_62,PASILLO_70_66,4.0,pasillo_vertical
PASILLO_70_66,RACK_68_66,2.0,acceso_rack
PASILLO_70_66,RACK_72_66,2.0,acceso_rack
PASILLO_70_66,PASILLO_70_70,4.0,pasillo_vertical
PASILLO_70_70,RACK_68_70,2.0,acceso_rack
PASILLO_70_70,RACK_72_70,2.0,acceso_rack
PASILLO_70_70,PASILLO_70_74,4.0,pasillo_vertical
PASILLO_70_74,RACK_68_74,2.0,acceso_rack
PASILLO_70_74,RACK_72_74,2.0,acceso_rack
PASILLO_70_74,PASILLO_70_78,4.0,pasillo_vertical
PASILLO_70_78,RACK_68_78,2.0,acceso_rack
PASILLO_70_78,RACK_72_78,2.0,acceso_rack
PASILLO_70_78,PASILLO_70_82,4.0,pasillo_vertical
PASILLO_70_82,RACK_68_82,2.0,acceso_rack
PASILLO_70_82,RACK_72_82,2.0,acceso_rack
PASILLO_70_82,PASILLO_70_86,4.0,pasillo_vertical
PASILLO_70_86,RACK_68_86,2.0,acceso_rack
PASILLO_70_86,RACK_72_86,2.0,acceso_rack
PASILLO_70_86,PASILLO_70_90,4.0,pasillo_vertical
PASILLO_70_90,RACK_68_90,2.0,acceso_rack
PASILLO_70_90,RACK_72_90,2.0,acceso_rack
PASILLO_70_90,NAV_70_100,10.0,pasillo_vertical
NAV_80_0,PASILLO_80_4,4.0,pasillo_vertical
PASILLO_80_4,RACK_78_4,2.0,acceso_rack
PASILLO_80_4,RACK_82_4,2.0,acceso_rack
PASILLO_80_4,PASILLO_80_8,4.0,pasillo_vertical
PASILLO_80_8,RACK_78_8,2.0,acceso_rack
PASILLO_80_8,RACK_82_8,2.0,acceso_rack
PASILLO_80_8,PASILLO_80_12,4.0,pasillo_vertical
PASILLO_80_12,RACK_78_12,2.0,acceso_rack
PASILLO_80_12,RACK_82_12,2.0,acceso_rack
PASILLO_80_12,PASILLO_80_16,4.0,pasillo_vertical
PASILLO_80_16,RACK_78_16,2.0,acceso_rack
PASILLO_80_16,RACK_82_16,2.0,acceso_rack
PASILLO_80_16,PASILLO_80_20,4.0,pasillo_vertical
PASILLO_80_20,RACK_78_20,2.0,acceso_rack
PASILLO_80_20,RACK_82_20,2.0,acceso_rack
PASILLO_80_20,PASILLO_80_24,4.0,pasillo_vertical
PASILLO_80_24,RACK_78_24,2.0,acceso_rack
PASILLO_80_24,RACK_82_24,2.0,acceso_rack
PASILLO_80_24,PASILLO_80_28,4.0,pasillo_vertical
PASILLO_80_28,RACK_78_28,2.0,acceso_rack
PASILLO_80_28,RACK_82_28,2.0,acceso_rack
PASILLO_80_28,PASILLO_80_32,4.0,pasillo_vertical
PASILLO_80_32,RACK_78_32,2.0,acceso_rack
PASILLO_80_32,RACK_82_32,2.0,acceso_rack
PASILLO_80_32,PASILLO_80_36,4.0,pasillo_vertical
PASILLO_80_36,RACK_78_36,2.0,acceso_rack
PASILLO_80_36,RACK_82_36,2.0,acceso_rack
PASILLO_80_36,PASILLO_80_40,4.0,pasillo_vertical
PASILLO_80_40,RACK_78_40,2.0,acceso_rack
PASILLO_80_40,RACK_82_40,2.0,acceso_rack
PASILLO_80_40,NAV_80_50,10.0,pasillo_vertical
NAV_80_50,PASILLO_80_54,4.0,pasillo_vertical
PASILLO_80_54,RACK_78_54,2.0,acceso_rack
PASILLO_80_54,RACK_82_54,2.0,acceso_rack
PASILLO_80_54,PASILLO_80_58,4.0,pasillo_vertical
PASILLO_80_58,RACK_78_58,2.0,acceso_rack
PASILLO_80_58,RACK_82_58,2.0,acceso_rack
PASILLO_80_58,PASILLO_80_62,4.0,pasillo_vertical
PASILLO_80_62,RACK_78_62,2.0,acceso_rack
PASILLO_80_62,RACK_82_62,2.0,acceso_rack
PASILLO_80_62,PASILLO_80_66,4.0,pasillo_vertical
PASILLO_80_66,RACK_78_66,2.0,acceso_rack
PASILLO_80_66,RACK_82_66,2.0,acceso_rack
PASILLO_80_66,PASILLO_80_70,4.0,pasillo_vertical
PASILLO_80_70,RACK_78_70,2.0,acceso_rack
PASILLO_80_70,RACK_82_70,2.0,acceso_rack
PASILLO_80_70,PASILLO_80_74,4.0,pasillo_vertical
PASILLO_80_74,RACK_78_74,2.0,acceso_rack
PASILLO_80_74,RACK_82_74,2.0,acceso_rack
PASILLO_80_74,PASILLO_80_78,4.0,pasillo_vertical
PASILLO_80_78,RACK_78_78,2.0,acceso_rack
PASILLO_80_78,RACK_82_78,2.0,acceso_rack
PASILLO_80_78,PASILLO_80_82,4.0,pasillo_vertical
PASILLO_80_82,RACK_78_82,2.0,acceso_rack
PASILLO_80_82,RACK_82_82,2.0,acceso_rack
PASILLO_80_82,PASILLO_80_86,4.0,pasillo_vertical
PASILLO_80_86,RACK_78_86,2.0,acceso_rack
PASILLO_80_86,RACK_82_86,2.0,acceso_rack
PASILLO_80_86,PASILLO_80_90,4.0,pasillo_vertical
PASILLO_80_90,RACK_78_90,2.0,acceso_rack
PASILLO_80_90,RACK_82_90,2.0,acceso_rack
PASILLO_80_90,NAV_80_100,10.0,pasillo_vertical
NAV_90_0,PASILLO_90_4,4.0,pasillo_vertical
PASILLO_90_4,RACK_88_4,2.0,acceso_rack
PASILLO_90_4,RACK_92_4,2.0,acceso_rack
PASILLO_90_4,PASILLO_90_8,4.0,pasillo_vertical
PASILLO_90_8,RACK_88_8,2.0,acceso_rack
PASILLO_90_8,RACK_92_8,2.0,acceso_rack
PASILLO_90_8,PASILLO_90_12,4.0,pasillo_vertical
PASILLO_90_12,RACK_88_12,2.0,acceso_rack
PASILLO_90_12,RACK_92_12,2.0,acceso_rack
PASILLO_90_12,PASILLO_90_16,4.0,pasillo_vertical
PASILLO_90_16,RACK_88_16,2.0,acceso_rack
PASILLO_90_16,RACK_92_16,2.0,acceso_rack
PASILLO_90_16,PASILLO_90_20,4.0,pasillo_vertical
PASILLO_90_20,RACK_88_20,2.0,acceso_rack
PASILLO_90_20,RACK_92_20,2.0,acceso_rack
PASILLO_90_20,PASILLO_90_24,4.0,pasillo_vertical
PASILLO_90_24,RACK_88_24,2.0,acceso_rack
PASILLO_90_24,RACK_92_24,2.0,acceso_rack
PASILLO_90_24,PASILLO_90_28,4.0,pasillo_vertical
PASILLO_90_28,RACK_88_28,2.0,acceso_rack
PASILLO_90_28,RACK_92_28,2.0,acceso_rack
PASILLO_90_28,PASILLO_90_32,4.0,pasillo_vertical
PASILLO_90_32,RACK_88_32,2.0,acceso_rack
PASILLO_90_32,RACK_92_32,2.0,acceso_rack
PASILLO_90_32,PASILLO_90_36,4.0,pasillo_vertical
PASILLO_90_36,RACK_88_36,2.0,acceso_rack
PASILLO_90_36,RACK_92_36,2.0,acceso_rack
PASILLO_90_36,PASILLO_90_40,4.0,pasillo_vertical
PASILLO_90_40,RACK_88_40,2.0,acceso_rack
PASILLO_90_40,RACK_92_40,2.0,acceso_rack
PASILLO_90_40,NAV_90_50,10.0,pasillo_vertical
NAV_90_50,PASILLO_90_54,4.0,pasillo_vertical
PASILLO_90_54,RACK_88_54,2.0,acceso_rack
PASILLO_90_54,RACK_92_54,2.0,acceso_rack
PASILLO_90_54,PASILLO_90_58,4.0,pasillo_vertical
PASILLO_90_58,RACK_88_58,2.0,acceso_rack
PASILLO_90_58,RACK_92_58,2.0,acceso_rack
PASILLO_90_58,PASILLO_90_62,4.0,pasillo_vertical
PASILLO_90_62,RACK_88_62,2.0,acceso_rack
PASILLO_90_62,RACK_92_62,2.0,acceso_rack
PASILLO_90_62,PASILLO_90_66,4.0,pasillo_vertical
PASILLO_90_66,RACK_88_66,2.0,acceso_rack
PASILLO_90_66,RACK_92_66,2.0,acceso_rack
PASILLO_90_66,PASILLO_90_70,4.0,pasillo_vertical
PASILLO_90_70,RACK_88_70,2.0,acceso_rack
PASILLO_90_70,RACK_92_70,2.0,acceso_rack
PASILLO_90_70,PASILLO_90_74,4.0,pasillo_vertical
PASILLO_90_74,RACK_88_74,2.0,acceso_rack
PASILLO_90_74,RACK_92_74,2.0,acceso_rack
PASILLO_90_74,PASILLO_90_78,4.0,pasillo_vertical
PASILLO_90_78,RACK_88_78,2.0,acceso_rack
PASILLO_90_78,RACK_92_78,2.0,acceso_rack
PASILLO_90_78,PASILLO_90_82,4.0,pasillo_vertical
PASILLO_90_82,RACK_88_82,2.0,acceso_rack
PASILLO_90_82,RACK_92_82,2.0,acceso_rack
PASILLO_90_82,PASILLO_90_86,4.0,pasillo_vertical
PASILLO_90_86,RACK_88_86,2.0,acceso_rack
PASILLO_90_86,RACK_92_86,2.0,acceso_rack
PASILLO_90_86,PASILLO_90_90,4.0,pasillo_vertical
PASILLO_90_90,RACK_88_90,2.0,acceso_rack
PASILLO_90_90,RACK_92_90,2.0,acceso_rack
PASILLO_90_90,NAV_90_100,10.0,pasillo_vertical
NAV_100_0,PASILLO_100_4,4.0,pasillo_vertical
PASILLO_100_4,RACK_98_4,2.0,acceso_rack
PASILLO_100_4,RACK_102_4,2.0,acceso_rack
PASILLO_100_4,PASILLO_100_8,4.0,pasillo_vertical
PASILLO_100_8,RACK_98_8,2.0,acceso_rack
PASILLO_100_8,RACK_102_8,2.0,acceso_rack
PASILLO_100_8,PASILLO_100_12,4.0,pasillo_vertical
PASILLO_100_12,RACK_98_12,2.0,acceso_rack
PASILLO_100_12,RACK_102_12,2.0,acceso_rack
PASILLO_100_12,PASILLO_100_16,4.0,pasillo_vertical
PASILLO_100_16,RACK_98_16,2.0,acceso_rack
PASILLO_100_16,RACK_102_16,2.0,acceso_rack
PASILLO_100_16,PASILLO_100_20,4.0,pasillo_vertical
PASILLO_100_20,RACK_98_20,2.0,acceso_rack
PASILLO_100_20,RACK_102_20,2.0,acceso_rack
PASILLO_100_20,PASILLO_100_24,4.0,pasillo_vertical
PASILLO_100_24,RACK_98_24,2.0,acceso_rack
PASILLO_100_24,RACK_102_24,2.0,acceso_rack
PASILLO_100_24,PASILLO_100_28,4.0,pasillo_vertical
PASILLO_100_28,RACK_98_28,2.0,acceso_rack
PASILLO_100_28,RACK_102_28,2.0,acceso_rack
PASILLO_100_28,PASILLO_100_32,4.0,pasillo_vertical
PASILLO_100_32,RACK_98_32,2.0,acceso_rack
PASILLO_100_32,RACK_102_32,2.0,acceso_rack
PASILLO_100_32,PASILLO_100_36,4.0,pasillo_vertical
PASILLO_100_36,RACK_98_36,2.0,acceso_rack
PASILLO_100_36,RACK_102_36,2.0,acceso_rack
PASILLO_100_36,PASILLO_100_40,4.0,pasillo_vertical
PASILLO_100_40,RACK_98_40,2.0,acceso_rack
PASILLO_100_40,RACK_102_40,2.0,acceso_rack
PASILLO_100_40,NAV_100_50,10.0,pasillo_vertical
NAV_100_50,PASILLO_100_54,4.0,pasillo_vertical
PASILLO_100_54,RACK_98_54,2.0,acceso_rack
PASILLO_100_54,RACK_102_54,2.0,acceso_rack
PASILLO_100_54,PASILLO_100_58,4.0,pasillo_vertical
PASILLO_100_58,RACK_98_58,2.0,acceso_rack
PASILLO_100_58,RACK_102_58,2.0,acceso_rack
PASILLO_100_58,PASILLO_100_62,4.0,pasillo_vertical
PASILLO_100_62,RACK_98_62,2.0,acceso_rack
PASILLO_100_62,RACK_102_62,2.0,acceso_rack
PASILLO_100_62,PASILLO_100_66,4.0,pasillo_vertical
PASILLO_100_66,RACK_98_66,2.0,acceso_rack
PASILLO_100_66,RACK_102_66,2.0,acceso_rack
PASILLO_100_66,PASILLO_100_70,4.0,pasillo_vertical
PASILLO_100_70,RACK_98_70,2.0,acceso_rack
PASILLO_100_70,RACK_102_70,2.0,acceso_rack
PASILLO_100_70,PASILLO_100_74,4.0,pasillo_vertical
PASILLO_100_74,RACK_98_74,2.0,acceso_rack
PASILLO_100_74,RACK_102_74,2.0,acceso_rack
PASILLO_100_74,PASILLO_100_78,4.0,pasillo_vertical
PASILLO_100_78,RACK_98_78,2.0,acceso_rack
PASILLO_100_78,RACK_102_78,2.0,acceso_rack
PASILLO_100_78,PASILLO_100_82,4.0,pasillo_vertical
PASILLO_100_82,RACK_98_82,2.0,acceso_rack
PASILLO_100_82,RACK_102_82,2.0,acceso_rack
PASILLO_100_82,PASILLO_100_86,4.0,pasillo_vertical
PASILLO_100_86,RACK_98_86,2.0,acceso_rack
PASILLO_100_86,RACK_102_86,2.0,acceso_rack
PASILLO_100_86,PASILLO_100_90,4.0,pasillo_vertical
PASILLO_100_90,RACK_98_90,2.0,acceso_rack
PASILLO_100_90,RACK_102_90,2.0,acceso_rack
PASILLO_100_90,NAV_100_100,10.0,pasillo_vertical
NAV_110_0,PASILLO_110_4,4.0,pasillo_vertical
PASILLO_110_4,RACK_108_4,2.0,acceso_rack
PASILLO_110_4,RACK_112_4,2.0,acceso_rack
PASILLO_110_4,PASILLO_110_8,4.0,pasillo_vertical
PASILLO_110_8,RACK_108_8,2.0,acceso_rack
PASILLO_110_8,RACK_112_8,2.0,acceso_rack
PASILLO_110_8,PASILLO_110_12,4.0,pasillo_vertical
PASILLO_110_12,RACK_108_12,2.0,acceso_rack
PASILLO_110_12,RACK_112_12,2.0,acceso_rack
PASILLO_110_12,PASILLO_110_16,4.0,pasillo_vertical
PASILLO_110_16,RACK_108_16,2.0,acceso_rack
PASILLO_110_16,RACK_112_16,2.0,acceso_rack
PASILLO_110_16,PASILLO_110_20,4.0,pasillo_vertical
PASILLO_110_20,RACK_108_20,2.0,acceso_rack
PASILLO_110_20,RACK_112_20,2.0,acceso_rack
PASILLO_110_20,PASILLO_110_24,4.0,pasillo_vertical
PASILLO_110_24,RACK_108_24,2.0,acceso_rack
PASILLO_110_24,RACK_112_24,2.0,acceso_rack
PASILLO_110_24,PASILLO_110_28,4.0,pasillo_vertical
PASILLO_110_28,RACK_108_28,2.0,acceso_rack
PASILLO_110_28,RACK_112_28,2.0,acceso_rack
PASILLO_110_28,PASILLO_110_32,4.0,pasillo_vertical
PASILLO_110_32,RACK_108_32,2.0,acceso_rack
PASILLO_110_32,RACK_112_32,2.0,acceso_rack
PASILLO_110_32,PASILLO_110_36,4.0,pasillo_vertical
PASILLO_110_36,RACK_108_36,2.0,acceso_rack
PASILLO_110_36,RACK_112_36,2.0,acceso_rack
PASILLO_110_36,PASILLO_110_40,4.0,pasillo_vertical
PASILLO_110_40,RACK_108_40,2.0,acceso_rack
PASILLO_110_40,RACK_112_40,2.0,acceso_rack
PASILLO_110_40,NAV_110_50,10.0,pasillo_vertical
NAV_110_50,PASILLO_110_54,4.0,pasillo_vertical
PASILLO_110_54,RACK_108_54,2.0,acceso_rack
PASILLO_110_54,RACK_112_54,2.0,acceso_rack
PASILLO_110_54,PASILLO_110_58,4.0,pasillo_vertical
PASILLO_110_58,RACK_108_58,2.0,acceso_rack
PASILLO_110_58,RACK_112_58,2.0,acceso_rack
PASILLO_110_58,PASILLO_110_62,4.0,pasillo_vertical
PASILLO_110_62,RACK_108_62,2.0,acceso_rack
PASILLO_110_62,RACK_112_62,2.0,acceso_rack
PASILLO_110_62,PASILLO_110_66,4.0,pasillo_vertical
PASILLO_110_66,RACK_108_66,2.0,acceso_rack
PASILLO_110_66,RACK_112_66,2.0,acceso_rack
PASILLO_110_66,PASILLO_110_70,4.0,pasillo_vertical
PASILLO_110_70,RACK_108_70,2.0,acceso_rack
PASILLO_110_70,RACK_112_70,2.0,acceso_rack
PASILLO_110_70,PASILLO_110_74,4.0,pasillo_vertical
PASILLO_110_74,RACK_108_74,2.0,acceso_rack
PASILLO_110_74,RACK_112_74,2.0,acceso_rack
PASILLO_110_74,PASILLO_110_78,4.0,pasillo_vertical
PASILLO_110_78,RACK_108_78,2.0,acceso_rack
PASILLO_110_78,RACK_112_78,2.0,acceso_rack
PASILLO_110_78,PASILLO_110_82,4.0,pasillo_vertical
PASILLO_110_82,RACK_108_82,2.0,acceso_rack
PASILLO_110_82,RACK_112_82,2.0,acceso_rack
PASILLO_110_82,PASILLO_110_86,4.0,pasillo_vertical
PASILLO_110_86,RACK_108_86,2.0,acceso_rack
PASILLO_110_86,RACK_112_86,2.0,acceso_rack
PASILLO_110_86,PASILLO_110_90,4.0,pasillo_vertical
PASILLO_110_90,RACK_108_90,2.0,acceso_rack
PASILLO_110_90,RACK_112_90,2.0,acceso_rack
PASILLO_110_90,NAV_110_100,10.0,pasillo_vertical
NAV_120_0,PASILLO_120_4,4.0,pasillo_vertical
PASILLO_120_4,RACK_118_4,2.0,acceso_rack
PASILLO_120_4,RACK_122_4,2.0,acceso_rack
PASILLO_120_4,PASILLO_120_8,4.0,pasillo_vertical
PASILLO_120_8,RACK_118_8,2.0,acceso_rack
PASILLO_120_8,RACK_122_8,2.0,acceso_rack
PASILLO_120_8,PASILLO_120_12,4.0,pasillo_vertical
PASILLO_120_12,RACK_118_12,2.0,acceso_rack
PASILLO_120_12,RACK_122_12,2.0,acceso_rack
PASILLO_120_12,PASILLO_120_16,4.0,pasillo_vertical
PASILLO_120_16,RACK_118_16,2.0,acceso_rack
PASILLO_120_16,RACK_122_16,2.0,acceso_rack
PASILLO_120_16,PASILLO_120_20,4.0,pasillo_vertical
PASILLO_120_20,RACK_118_20,2.0,acceso_rack
PASILLO_120_20,RACK_122_20,2.0,acceso_rack
PASILLO_120_20,PASILLO_120_24,4.0,pasillo_vertical
PASILLO_120_24,RACK_118_24,2.0,acceso_rack
PASILLO_120_24,RACK_122_24,2.0,acceso_rack
PASILLO_120_24,PASILLO_120_28,4.0,pasillo_vertical
PASILLO_120_28,RACK_118_28,2.0,acceso_rack
PASILLO_120_28,RACK_122_28,2.0,acceso_rack
PASILLO_120_28,PASILLO_120_32,4.0,pasillo_vertical
PASILLO_120_32,RACK_118_32,2.0,acceso_rack
PASILLO_120_32,RACK_122_32,2.0,acceso_rack
PASILLO_120_32,PASILLO_120_36,4.0,pasillo_vertical
PASILLO_120_36,RACK_118_36,2.0,acceso_rack
PASILLO_120_36,RACK_122_36,2.0,acceso_rack
PASILLO_120_36,PASILLO_120_40,4.0,pasillo_vertical
PASILLO_120_40,RACK_118_40,2.0,acceso_rack
PASILLO_120_40,RACK_122_40,2.0,acceso_rack
PASILLO_120_40,NAV_120_50,10.0,pasillo_vertical
NAV_120_50,PASILLO_120_54,4.0,pasillo_vertical
PASILLO_120_54,RACK_118_54,2.0,acceso_rack
PASILLO_120_54,RACK_122_54,2.0,acceso_rack
PASILLO_120_54,PASILLO_120_58,4.0,pasillo_vertical
PASILLO_120_58,RACK_118_58,2.0,acceso_rack
PASILLO_120_58,RACK_122_58,2.0,acceso_rack
PASILLO_120_58,PASILLO_120_62,4.0,pasillo_vertical
PASILLO_120_62,RACK_118_62,2.0,acceso_rack
PASILLO_120_62,RACK_122_62,2.0,acceso_rack
PASILLO_120_62,PASILLO_120_66,4.0,pasillo_vertical
PASILLO_120_66,RACK_118_66,2.0,acceso_rack
PASILLO_120_66,RACK_122_66,2.0,acceso_rack
PASILLO_120_66,PASILLO_120_70,4.0,pasillo_vertical
PASILLO_120_70,RACK_118_70,2.0,acceso_rack
PASILLO_120_70,RACK_122_70,2.0,acceso_rack
PASILLO_120_70,PASILLO_120_74,4.0,pasillo_vertical
PASILLO_120_74,RACK_118_74,2.0,acceso_rack
PASILLO_120_74,RACK_122_74,2.0,acceso_rack
PASILLO_120_74,PASILLO_120_78,4.0,pasillo_vertical
PASILLO_120_78,RACK_118_78,2.0,acceso_rack
PASILLO_120_78,RACK_122_78,2.0,acceso_rack
PASILLO_120_78,PASILLO_120_82,4.0,pasillo_vertical
PASILLO_120_82,RACK_118_82,2.0,acceso_rack
PASILLO_120_82,RACK_122_82,2.0,acceso_rack
PASILLO_120_82,PASILLO_120_86,4.0,pasillo_vertical
PASILLO_120_86,RACK_118_86,2.0,acceso_rack
PASILLO_120_86,RACK_122_86,2.0,acceso_rack
PASILLO_120_86,PASILLO_120_90,4.0,pasillo_vertical
PASILLO_120_90,RACK_118_90,2.0,acceso_rack
PASILLO_120_90,RACK_122_90,2.0,acceso_rack
PASILLO_120_90,NAV_120_100,10.0,pasillo_vertical
NAV_130_0,PASILLO_130_4,4.0,pasillo_vertical
PASILLO_130_4,RACK_128_4,2.0,acceso_rack
PASILLO_130_4,RACK_132_4,2.0,acceso_rack
PASILLO_130_4,PASILLO_130_8,4.0,pasillo_vertical
PASILLO_130_8,RACK_128_8,2.0,acceso_rack
PASILLO_130_8,RACK_132_8,2.0,acceso_rack
PASILLO_130_8,PASILLO_130_12,4.0,pasillo_vertical
PASILLO_130_12,RACK_128_12,2.0,acceso_rack
PASILLO_130_12,RACK_132_12,2.0,acceso_rack
PASILLO_130_12,PASILLO_130_16,4.0,pasillo_vertical
PASILLO_130_16,RACK_128_16,2.0,acceso_rack
PASILLO_130_16,RACK_132_16,2.0,acceso_rack
PASILLO_130_16,PASILLO_130_20,4.0,pasillo_vertical
PASILLO_130_20,RACK_128_20,2.0,acceso_rack
PASILLO_130_20,RACK_132_20,2.0,acceso_rack
PASILLO_130_20,PASILLO_130_24,4.0,pasillo_vertical
PASILLO_130_24,RACK_128_24,2.0,acceso_rack
PASILLO_130_24,RACK_132_24,2.0,acceso_rack
PASILLO_130_24,PASILLO_130_28,4.0,pasillo_vertical
PASILLO_130_28,RACK_128_28,2.0,acceso_rack
PASILLO_130_28,RACK_132_28,2.0,acceso_rack
PASILLO_130_28,PASILLO_130_32,4.0,pasillo_vertical
PASILLO_130_32,RACK_128_32,2.0,acceso_rack
PASILLO_130_32,RACK_132_32,2.0,acceso_rack
PASILLO_130_32,PASILLO_130_36,4.0,pasillo_vertical
PASILLO_130_36,RACK_128_36,2.0,acceso_rack
PASILLO_130_36,RACK_132_36,2.0,acceso_rack
PASILLO_130_36,PASILLO_130_40,4.0,pasillo_vertical
PASILLO_130_40,RACK_128_40,2.0,acceso_rack
PASILLO_130_40,RACK_132_40,2.0,acceso_rack
PASILLO_130_40,NAV_130_50,10.0,pasillo_vertical
NAV_130_50,PASILLO_130_54,4.0,pasillo_vertical
PASILLO_130_54,RACK_128_54,2.0,acceso_rack
PASILLO_130_54,RACK_132_54,2.0,acceso_rack
PASILLO_130_54,PASILLO_130_58,4.0,pasillo_vertical
PASILLO_130_58,RACK_128_58,2.0,acceso_rack
PASILLO_130_58,RACK_132_58,2.0,acceso_rack
PASILLO_130_58,PASILLO_130_62,4.0,pasillo_vertical
PASILLO_130_62,RACK_128_62,2.0,acceso_rack
PASILLO_130_62,RACK_132_62,2.0,acceso_rack
PASILLO_130_62,PASILLO_130_66,4.0,pasillo_vertical
PASILLO_130_66,RACK_128_66,2.0,acceso_rack
PASILLO_130_66,RACK_132_66,2.0,acceso_rack
PASILLO_130_66,PASILLO_130_70,4.0,pasillo_vertical
PASILLO_130_70,RACK_128_70,2.0,acceso_rack
PASILLO_130_70,RACK_132_70,2.0,acceso_rack
PASILLO_130_70,PASILLO_130_74,4.0,pasillo_vertical
PASILLO_130_74,RACK_128_74,2.0,acceso_rack
PASILLO_130_74,RACK_132_74,2.0,acceso_rack
PASILLO_130_74,PASILLO_130_78,4.0,pasillo_vertical
PASILLO_130_78,RACK_128_78,2.0,acceso_rack
PASILLO_130_78,RACK_132_78,2.0,acceso_rack
PASILLO_130_78,PASILLO_130_82,4.0,pasillo_vertical
PASILLO_130_82,RACK_128_82,2.0,acceso_rack
PASILLO_130_82,RACK_132_82,2.0,acceso_rack
PASILLO_130_82,PASILLO_130_86,4.0,pasillo_vertical
PASILLO_130_86,RACK_128_86,2.0,acceso_rack
PASILLO_130_86,RACK_132_86,2.0,acceso_rack
PASILLO_130_86,PASILLO_130_90,4.0,pasillo_vertical
PASILLO_130_90,RACK_128_90,2.0,acceso_rack
PASILLO_130_90,RACK_132_90,2.0,acceso_rack
PASILLO_130_90,NAV_130_100,10.0,pasillo_vertical
NAV_140_0,PASILLO_140_4,4.0,pasillo_vertical
PASILLO_140_4,RACK_138_4,2.0,acceso_rack
PASILLO_140_4,RACK_142_4,2.0,acceso_rack
PASILLO_140_4,PASILLO_140_8,4.0,pasillo_vertical
PASILLO_140_8,RACK_138_8,2.0,acceso_rack
PASILLO_140_8,RACK_142_8,2.0,acceso_rack
PASILLO_140_8,PASILLO_140_12,4.0,pasillo_vertical
PASILLO_140_12,RACK_138_12,2.0,acceso_rack
PASILLO_140_12,RACK_142_12,2.0,acceso_rack
PASILLO_140_12,PASILLO_140_16,4.0,pasillo_vertical
PASILLO_140_16,RACK_138_16,2.0,acceso_rack
PASILLO_140_16,RACK_142_16,2.0,acceso_rack
PASILLO_140_16,PASILLO_140_20,4.0,pasillo_vertical
PASILLO_140_20,RACK_138_20,2.0,acceso_rack
PASILLO_140_20,RACK_142_20,2.0,acceso_rack
PASILLO_140_20,PASILLO_140_24,4.0,pasillo_vertical
PASILLO_140_24,RACK_138_24,2.0,acceso_rack
PASILLO_140_24,RACK_142_24,2.0,acceso_rack
PASILLO_140_24,PASILLO_140_28,4.0,pasillo_vertical
PASILLO_140_28,RACK_138_28,2.0,acceso_rack
PASILLO_140_28,RACK_142_28,2.0,acceso_rack
PASILLO_140_28,PASILLO_140_32,4.0,pasillo_vertical
PASILLO_140_32,RACK_138_32,2.0,acceso_rack
PASILLO_140_32,RACK_142_32,2.0,acceso_rack
PASILLO_140_32,PASILLO_140_36,4.0,pasillo_vertical
PASILLO_140_36,RACK_138_36,2.0,acceso_rack
PASILLO_140_36,RACK_142_36,2.0,acceso_rack
PASILLO_140_36,PASILLO_140_40,4.0,pasillo_vertical
PASILLO_140_40,RACK_138_40,2.0,acceso_rack
PASILLO_140_40,RACK_142_40,2.0,acceso_rack
PASILLO_140_40,NAV_140_50,10.0,pasillo_vertical
NAV_140_50,PASILLO_140_54,4.0,pasillo_vertical
PASILLO_140_54,RACK_138_54,2.0,acceso_rack
PASILLO_140_54,RACK_142_54,2.0,acceso_rack
PASILLO_140_54,PASILLO_140_58,4.0,pasillo_vertical
PASILLO_140_58,RACK_138_58,2.0,acceso_rack
PASILLO_140_58,RACK_142_58,2.0,acceso_rack
PASILLO_140_58,PASILLO_140_62,4.0,pasillo_vertical
PASILLO_140_62,RACK_138_62,2.0,acceso_rack
PASILLO_140_62,RACK_142_62,2.0,acceso_rack
PASILLO_140_62,PASILLO_140_66,4.0,pasillo_vertical
PASILLO_140_66,RACK_138_66,2.0,acceso_rack
PASILLO_140_66,RACK_142_66,2.0,acceso_rack
PASILLO_140_66,PASILLO_140_70,4.0,pasillo_vertical
PASILLO_140_70,RACK_138_70,2.0,acceso_rack
PASILLO_140_70,RACK_142_70,2.0,acceso_rack
PASILLO_140_70,PASILLO_140_74,4.0,pasillo_vertical
PASILLO_140_74,RACK_138_74,2.0,acceso_rack
PASILLO_140_74,RACK_142_74,2.0,acceso_rack
PASILLO_140_74,PASILLO_140_78,4.0,pasillo_vertical
PASILLO_140_78,RACK_138_78,2.0,acceso_rack
PASILLO_140_78,RACK_142_78,2.0,acceso_rack
PASILLO_140_78,PASILLO_140_82,4.0,pasillo_vertical
PASILLO_140_82,RACK_138_82,2.0,acceso_rack
PASILLO_140_82,RACK_142_82,2.0,acceso_rack
PASILLO_140_82,PASILLO_140_86,4.0,pasillo_vertical
PASILLO_140_86,RACK_138_86,2.0,acceso_rack
PASILLO_140_86,RACK_142_86,2.0,acceso_rack
PASILLO_140_86,PASILLO_140_90,4.0,pasillo_vertical
PASILLO_140_90,RACK_138_90,2.0,acceso_rack
PASILLO_140_90,RACK_142_90,2.0,acceso_rack
PASILLO_140_90,NAV_140_100,10.0,pasillo_vertical
NAV_150_0,PASILLO_150_4,4.0,pasillo_vertical
PASILLO_150_4,RACK_148_4,2.0,acceso_rack
PASILLO_150_4,RACK_152_4,2.0,acceso_rack
PASILLO_150_4,PASILLO_150_8,4.0,pasillo_vertical
PASILLO_150_8,RACK_148_8,2.0,acceso_rack
PASILLO_150_8,RACK_152_8,2.0,acceso_rack
PASILLO_150_8,PASILLO_150_12,4.0,pasillo_vertical
PASILLO_150_12,RACK_148_12,2.0,acceso_rack
PASILLO_150_12,RACK_152_12,2.0,acceso_rack
PASILLO_150_12,PASILLO_150_16,4.0,pasillo_vertical
PASILLO_150_16,RACK_148_16,2.0,acceso_rack
PASILLO_150_16,RACK_152_16,2.0,acceso_rack
PASILLO_150_16,PASILLO_150_20,4.0,pasillo_vertical
PASILLO_150_20,RACK_148_20,2.0,acceso_rack
PASILLO_150_20,RACK_152_20,2.0,acceso_rack
PASILLO_150_20,PASILLO_150_24,4.0,pasillo_vertical
PASILLO_150_24,RACK_148_24,2.0,acceso_rack
PASILLO_150_24,RACK_152_24,2.0,acceso_rack
PASILLO_150_24,PASILLO_150_28,4.0,pasillo_vertical
PASILLO_150_28,RACK_148_28,2.0,acceso_rack
PASILLO_150_28,RACK_152_28,2.0,acceso_rack
PASILLO_150_28,PASILLO_150_32,4.0,pasillo_vertical
PASILLO_150_32,RACK_148_32,2.0,acceso_rack
PASILLO_150_32,RACK_152_32,2.0,acceso_rack
PASILLO_150_32,PASILLO_150_36,4.0,pasillo_vertical
PASILLO_150_36,RACK_148_36,2.0,acceso_rack
PASILLO_150_36,RACK_152_36,2.0,acceso_rack
PASILLO_150_36,PASILLO_150_40,4.0,pasillo_vertical
PASILLO_150_40,RACK_148_40,2.0,acceso_rack
PASILLO_150_40,RACK_152_40,2.0,acceso_rack
PASILLO_150_40,NAV_150_50,10.0,pasillo_vertical
NAV_150_50,PASILLO_150_54,4.0,pasillo_vertical
PASILLO_150_54,RACK_148_54,2.0,acceso_rack
PASILLO_150_54,RACK_152_54,2.0,acceso_rack
PASILLO_150_54,PASILLO_150_58,4.0,pasillo_vertical
PASILLO_150_58,RACK_148_58,2.0,acceso_rack
PASILLO_150_58,RACK_152_58,2.0,acceso_rack
PASILLO_150_58,PASILLO_150_62,4.0,pasillo_vertical
PASILLO_150_62,RACK_148_62,2.0,acceso_rack
PASILLO_150_62,RACK_152_62,2.0,acceso_rack
PASILLO_150_62,PASILLO_150_66,4.0,pasillo_vertical
PASILLO_150_66,RACK_148_66,2.0,acceso_rack
PASILLO_150_66,RACK_152_66,2.0,acceso_rack
PASILLO_150_66,PASILLO_150_70,4.0,pasillo_vertical
PASILLO_150_70,RACK_148_70,2.0,acceso_rack
PASILLO_150_70,RACK_152_70,2.0,acceso_rack
PASILLO_150_70,PASILLO_150_74,4.0,pasillo_vertical
PASILLO_150_74,RACK_148_74,2.0,acceso_rack
PASILLO_150_74,RACK_152_74,2.0,acceso_rack
PASILLO_150_74,PASILLO_150_78,4.0,pasillo_vertical
PASILLO_150_78,RACK_148_78,2.0,acceso_rack
PASILLO_150_78,RACK_152_78,2.0,acceso_rack
PASILLO_150_78,PASILLO_150_82,4.0,pasillo_vertical
PASILLO_150_82,RACK_148_82,2.0,acceso_rack
PASILLO_150_82,RACK_152_82,2.0,acceso_rack
PASILLO_150_82,PASILLO_150_86,4.0,pasillo_vertical
PASILLO_150_86,RACK_148_86,2.0,acceso_rack
PASILLO_150_86,RACK_152_86,2.0,acceso_rack
PASILLO_150_86,PASILLO_150_90,4.0,pasillo_vertical
PASILLO_150_90,RACK_148_90,2.0,acceso_rack
PASILLO_150_90,RACK_152_90,2.0,acceso_rack
PASILLO_150_90,NAV_150_100,10.0,pasillo_vertical
NAV_160_0,PASILLO_160_4,4.0,pasillo_vertical
PASILLO_160_4,RACK_158_4,2.0,acceso_rack
PASILLO_160_4,RACK_162_4,2.0,acceso_rack
PASILLO_160_4,PASILLO_160_8,4.0,pasillo_vertical
PASILLO_160_8,RACK_158_8,2.0,acceso_rack
PASILLO_160_8,RACK_162_8,2.0,acceso_rack
PASILLO_160_8,PASILLO_160_12,4.0,pasillo_vertical
PASILLO_160_12,RACK_158_12,2.0,acceso_rack
PASILLO_160_12,RACK_162_12,2.0,acceso_rack
PASILLO_160_12,PASILLO_160_16,4.0,pasillo_vertical
PASILLO_160_16,RACK_158_16,2.0,acceso_rack
PASILLO_160_16,RACK_162_16,2.0,acceso_rack
PASILLO_160_16,PASILLO_160_20,4.0,pasillo_vertical
PASILLO_160_20,RACK_158_20,2.0,acceso_rack
PASILLO_160_20,RACK_162_20,2.0,acceso_rack
PASILLO_160_20,PASILLO_160_24,4.0,pasillo_vertical
PASILLO_160_24,RACK_158_24,2.0,acceso_rack
PASILLO_160_24,RACK_162_24,2.0,acceso_rack
PASILLO_160_24,PASILLO_160_28,4.0,pasillo_vertical
PASILLO_160_28,RACK_158_28,2.0,acceso_rack
PASILLO_160_28,RACK_162_28,2.0,acceso_rack
PASILLO_160_28,PASILLO_160_32,4.0,pasillo_vertical
PASILLO_160_32,RACK_158_32,2.0,acceso_rack
PASILLO_160_32,RACK_162_32,2.0,acceso_rack
PASILLO_160_32,PASILLO_160_36,4.0,pasillo_vertical
PASILLO_160_36,RACK_158_36,2.0,acceso_rack
PASILLO_160_36,RACK_162_36,2.0,acceso_rack
PASILLO_160_36,PASILLO_160_40,4.0,pasillo_vertical
PASILLO_160_40,RACK_158_40,2.0,acceso_rack
PASILLO_160_40,RACK_162_40,2.0,acceso_rack
PASILLO_160_40,NAV_160_50,10.0,pasillo_vertical
NAV_160_50,PASILLO_160_54,4.0,pasillo_vertical
PASILLO_160_54,RACK_158_54,2.0,acceso_rack
PASILLO_160_54,RACK_162_54,2.0,acceso_rack
PASILLO_160_54,PASILLO_160_58,4.0,pasillo_vertical
PASILLO_160_58,RACK_158_58,2.0,acceso_rack
PASILLO_160_58,RACK_162_58,2.0,acceso_rack
PASILLO_160_58,PASILLO_160_62,4.0,pasillo_vertical
PASILLO_160_62,RACK_158_62,2.0,acceso_rack
PASILLO_160_62,RACK_162_62,2.0,acceso_rack
PASILLO_160_62,PASILLO_160_66,4.0,pasillo_vertical
PASILLO_160_66,RACK_158_66,2.0,acceso_rack
PASILLO_160_66,RACK_162_66,2.0,acceso_rack
PASILLO_160_66,PASILLO_160_70,4.0,pasillo_vertical
PASILLO_160_70,RACK_158_70,2.0,acceso_rack
PASILLO_160_70,RACK_162_70,2.0,acceso_rack
PASILLO_160_70,PASILLO_160_74,4.0,pasillo_vertical
PASILLO_160_74,RACK_158_74,2.0,acceso_rack
PASILLO_160_74,RACK_162_74,2.0,acceso_rack
PASILLO_160_74,PASILLO_160_78,4.0,pasillo_vertical
PASILLO_160_78,RACK_158_78,2.0,acceso_rack
PASILLO_160_78,RACK_162_78,2.0,acceso_rack
PASILLO_160_78,PASILLO_160_82,4.0,pasillo_vertical
PASILLO_160_82,RACK_158_82,2.0,acceso_rack
PASILLO_160_82,RACK_162_82,2.0,acceso_rack
PASILLO_160_82,PASILLO_160_86,4.0,pasillo_vertical
PASILLO_160_86,RACK_158_86,2.0,acceso_rack
PASILLO_160_86,RACK_162_86,2.0,acceso_rack
PASILLO_160_86,PASILLO_160_90,4.0,pasillo_vertical
PASILLO_160_90,RACK_158_90,2.0,acceso_rack
PASILLO_160_90,RACK_162_90,2.0,acceso_rack
PASILLO_160_90,NAV_160_100,10.0,pasillo_vertical
NAV_170_0,PASILLO_170_4,4.0,pasillo_vertical
PASILLO_170_4,RACK_168_4,2.0,acceso_rack
PASILLO_170_4,RACK_172_4,2.0,acceso_rack
PASILLO_170_4,PASILLO_170_8,4.0,pasillo_vertical
PASILLO_170_8,RACK_168_8,2.0,acceso_rack
PASILLO_170_8,RACK_172_8,2.0,acceso_rack
PASILLO_170_8,PASILLO_170_12,4.0,pasillo_vertical
PASILLO_170_12,RACK_168_12,2.0,acceso_rack
PASILLO_170_12,RACK_172_12,2.0,acceso_rack
PASILLO_170_12,PASILLO_170_16,4.0,pasillo_vertical
PASILLO_170_16,RACK_168_16,2.0,acceso_rack
PASILLO_170_16,RACK_172_16,2.0,acceso_rack
PASILLO_170_16,PASILLO_170_20,4.0,pasillo_vertical
PASILLO_170_20,RACK_168_20,2.0,acceso_rack
PASILLO_170_20,RACK_172_20,2.0,acceso_rack
PASILLO_170_20,PASILLO_170_24,4.0,pasillo_vertical
PASILLO_170_24,RACK_168_24,2.0,acceso_rack
PASILLO_170_24,RACK_172_24,2.0,acceso_rack
PASILLO_170_24,PASILLO_170_28,4.0,pasillo_vertical
PASILLO_170_28,RACK_168_28,2.0,acceso_rack
PASILLO_170_28,RACK_172_28,2.0,acceso_rack
PASILLO_170_28,PASILLO_170_32,4.0,pasillo_vertical
PASILLO_170_32,RACK_168_32,2.0,acceso_rack
PASILLO_170_32,RACK_172_32,2.0,acceso_rack
PASILLO_170_32,PASILLO_170_36,4.0,pasillo_vertical
PASILLO_170_36,RACK_168_36,2.0,acceso_rack
PASILLO_170_36,RACK_172_36,2.0,acceso_rack
PASILLO_170_36,PASILLO_170_40,4.0,pasillo_vertical
PASILLO_170_40,RACK_168_40,2.0,acceso_rack
PASILLO_170_40,RACK_172_40,2.0,acceso_rack
PASILLO_170_40,NAV_170_50,10.0,pasillo_vertical
NAV_170_50,PASILLO_170_54,4.0,pasillo_vertical
PASILLO_170_54,RACK_168_54,2.0,acceso_rack
PASILLO_170_54,RACK_172_54,2.0,acceso_rack
PASILLO_170_54,PASILLO_170_58,4.0,pasillo_vertical
PASILLO_170_58,RACK_168_58,2.0,acceso_rack
PASILLO_170_58,RACK_172_58,2.0,acceso_rack
PASILLO_170_58,PASILLO_170_62,4.0,pasillo_vertical
PASILLO_170_62,RACK_168_62,2.0,acceso_rack
PASILLO_170_62,RACK_172_62,2.0,acceso_rack
PASILLO_170_62,PASILLO_170_66,4.0,pasillo_vertical
PASILLO_170_66,RACK_168_66,2.0,acceso_rack
PASILLO_170_66,RACK_172_66,2.0,acceso_rack
PASILLO_170_66,PASILLO_170_70,4.0,pasillo_vertical
PASILLO_170_70,RACK_168_70,2.0,acceso_rack
PASILLO_170_70,RACK_172_70,2.0,acceso_rack
PASILLO_170_70,PASILLO_170_74,4.0,pasillo_vertical
PASILLO_170_74,RACK_168_74,2.0,acceso_rack
PASILLO_170_74,RACK_172_74,2.0,acceso_rack
PASILLO_170_74,PASILLO_170_78,4.0,pasillo_vertical
PASILLO_170_78,RACK_168_78,2.0,acceso_rack
PASILLO_170_78,RACK_172_78,2.0,acceso_rack
PASILLO_170_78,PASILLO_170_82,4.0,pasillo_vertical
PASILLO_170_82,RACK_168_82,2.0,acceso_rack
PASILLO_170_82,RACK_172_82,2.0,acceso_rack
PASILLO_170_82,PASILLO_170_86,4.0,pasillo_vertical
PASILLO_170_86,RACK_168_86,2.0,acceso_rack
PASILLO_170_86,RACK_172_86,2.0,acceso_rack
PASILLO_170_86,PASILLO_170_90,4.0,pasillo_vertical
PASILLO_170_90,RACK_168_90,2.0,acceso_rack
PASILLO_170_90,RACK_172_90,2.0,acceso_rack
PASILLO_170_90,NAV_170_100,10.0,pasillo_vertical
NAV_180_0,PASILLO_180_4,4.0,pasillo_vertical
PASILLO_180_4,RACK_178_4,2.0,acceso_rack
PASILLO_180_4,RACK_182_4,2.0,acceso_rack
PASILLO_180_4,PASILLO_180_8,4.0,pasillo_vertical
PASILLO_180_8,RACK_178_8,2.0,acceso_rack
PASILLO_180_8,RACK_182_8,2.0,acceso_rack
PASILLO_180_8,PASILLO_180_12,4.0,pasillo_vertical
PASILLO_180_12,RACK_178_12,2.0,acceso_rack
PASILLO_180_12,RACK_182_12,2.0,acceso_rack
PASILLO_180_12,PASILLO_180_16,4.0,pasillo_vertical
PASILLO_180_16,RACK_178_16,2.0,acceso_rack
PASILLO_180_16,RACK_182_16,2.0,acceso_rack
PASILLO_180_16,PASILLO_180_20,4.0,pasillo_vertical
PASILLO_180_20,RACK_178_20,2.0,acceso_rack
PASILLO_180_20,RACK_182_20,2.0,acceso_rack
PASILLO_180_20,PASILLO_180_24,4.0,pasillo_vertical
PASILLO_180_24,RACK_178_24,2.0,acceso_rack
PASILLO_180_24,RACK_182_24,2.0,acceso_rack
PASILLO_180_24,PASILLO_180_28,4.0,pasillo_vertical
PASILLO_180_28,RACK_178_28,2.0,acceso_rack
PASILLO_180_28,RACK_182_28,2.0,acceso_rack
PASILLO_180_28,PASILLO_180_32,4.0,pasillo_vertical
PASILLO_180_32,RACK_178_32,2.0,acceso_rack
PASILLO_180_32,RACK_182_32,2.0,acceso_rack
PASILLO_180_32,PASILLO_180_36,4.0,pasillo_vertical
PASILLO_180_36,RACK_178_36,2.0,acceso_rack
PASILLO_180_36,RACK_182_36,2.0,acceso_rack
PASILLO_180_36,PASILLO_180_40,4.0,pasillo_vertical
PASILLO_180_40,RACK_178_40,2.0,acceso_rack
PASILLO_180_40,RACK_182_40,2.0,acceso_rack
PASILLO_180_40,NAV_180_50,10.0,pasillo_vertical
NAV_180_50,PASILLO_180_54,4.0,pasillo_vertical
PASILLO_180_54,RACK_178_54,2.0,acceso_rack
PASILLO_180_54,RACK_182_54,2.0,acceso_rack
PASILLO_180_54,PASILLO_180_58,4.0,pasillo_vertical
PASILLO_180_58,RACK_178_58,2.0,acceso_rack
PASILLO_180_58,RACK_182_58,2.0,acceso_rack
PASILLO_180_58,PASILLO_180_62,4.0,pasillo_vertical
PASILLO_180_62,RACK_178_62,2.0,acceso_rack
PASILLO_180_62,RACK_182_62,2.0,acceso_rack
PASILLO_180_62,PASILLO_180_66,4.0,pasillo_vertical
PASILLO_180_66,RACK_178_66,2.0,acceso_rack
PASILLO_180_66,RACK_182_66,2.0,acceso_rack
PASILLO_180_66,PASILLO_180_70,4.0,pasillo_vertical
PASILLO_180_70,RACK_178_70,2.0,acceso_rack
PASILLO_180_70,RACK_182_70,2.0,acceso_rack
PASILLO_180_70,PASILLO_180_74,4.0,pasillo_vertical
PASILLO_180_74,RACK_178_74,2.0,acceso_rack
PASILLO_180_74,RACK_182_74,2.0,acceso_rack
PASILLO_180_74,PASILLO_180_78,4.0,pasillo_vertical
PASILLO_180_78,RACK_178_78,2.0,acceso_rack
PASILLO_180_78,RACK_182_78,2.0,acceso_rack
PASILLO_180_78,PASILLO_180_82,4.0,pasillo_vertical
PASILLO_180_82,RACK_178_82,2.0,acceso_rack
PASILLO_180_82,RACK_182_82,2.0,acceso_rack
PASILLO_180_82,PASILLO_180_86,4.0,pasillo_vertical
PASILLO_180_86,RACK_178_86,2.0,acceso_rack
PASILLO_180_86,RACK_182_86,2.0,acceso_rack
PASILLO_180_86,PASILLO_180_90,4.0,pasillo_vertical
PASILLO_180_90,RACK_178_90,2.0,acceso_rack
PASILLO_180_90,RACK_182_90,2.0,acceso_rack
PASILLO_180_90,NAV_180_100,10.0,pasillo_vertical
NAV_190_0,PASILLO_190_4,4.0,pasillo_vertical
PASILLO_190_4,RACK_188_4,2.0,acceso_rack
PASILLO_190_4,RACK_192_4,2.0,acceso_rack
PASILLO_190_4,PASILLO_190_8,4.0,pasillo_vertical
PASILLO_190_8,RACK_188_8,2.0,acceso_rack
PASILLO_190_8,RACK_192_8,2.0,acceso_rack
PASILLO_190_8,PASILLO_190_12,4.0,pasillo_vertical
PASILLO_190_12,RACK_188_12,2.0,acceso_rack
PASILLO_190_12,RACK_192_12,2.0,acceso_rack
PASILLO_190_12,PASILLO_190_16,4.0,pasillo_vertical
PASILLO_190_16,RACK_188_16,2.0,acceso_rack
PASILLO_190_16,RACK_192_16,2.0,acceso_rack
PASILLO_190_16,PASILLO_190_20,4.0,pasillo_vertical
PASILLO_190_20,RACK_188_20,2.0,acceso_rack
PASILLO_190_20,RACK_192_20,2.0,acceso_rack
PASILLO_190_20,PASILLO_190_24,4.0,pasillo_vertical
PASILLO_190_24,RACK_188_24,2.0,acceso_rack
PASILLO_190_24,RACK_192_24,2.0,acceso_rack
PASILLO_190_24,PASILLO_190_28,4.0,pasillo_vertical
PASILLO_190_28,RACK_188_28,2.0,acceso_rack
PASILLO_190_28,RACK_192_28,2.0,acceso_rack
PASILLO_190_28,PASILLO_190_32,4.0,pasillo_vertical
PASILLO_190_32,RACK_188_32,2.0,acceso_rack
PASILLO_190_32,RACK_192_32,2.0,acceso_rack
PASILLO_190_32,PASILLO_190_36,4.0,pasillo_vertical
PASILLO_190_36,RACK_188_36,2.0,acceso_rack
PASILLO_190_36,RACK_192_36,2.0,acceso_rack
PASILLO_190_36,PASILLO_190_40,4.0,pasillo_vertical
PASILLO_190_40,RACK_188_40,2.0,acceso_rack
PASILLO_190_40,RACK_192_40,2.0,acceso_rack
PASILLO_190_40,NAV_190_50,10.0,pasillo_vertical
NAV_190_50,PASILLO_190_54,4.0,pasillo_vertical
PASILLO_190_54,RACK_188_54,2.0,acceso_rack
PASILLO_190_54,RACK_192_54,2.0,acceso_rack
PASILLO_190_54,PASILLO_190_58,4.0,pasillo_vertical
PASILLO_190_58,RACK_188_58,2.0,acceso_rack
PASILLO_190_58,RACK_192_58,2.0,acceso_rack
PASILLO_190_58,PASILLO_190_62,4.0,pasillo_vertical
PASILLO_190_62,RACK_188_62,2.0,acceso_rack
PASILLO_190_62,RACK_192_62,2.0,acceso_rack
PASILLO_190_62,PASILLO_190_66,4.0,pasillo_vertical
PASILLO_190_66,RACK_188_66,2.0,acceso_rack
PASILLO_190_66,RACK_192_66,2.0,acceso_rack
PASILLO_190_66,PASILLO_190_70,4.0,pasillo_vertical
PASILLO_190_70,RACK_188_70,2.0,acceso_rack
PASILLO_190_70,RACK_192_70,2.0,acceso_rack
PASILLO_190_70,PASILLO_190_74,4.0,pasillo_vertical
PASILLO_190_74,RACK_188_74,2.0,acceso_rack
PASILLO_190_74,RACK_192_74,2.0,acceso_rack
PASILLO_190_74,PASILLO_190_78,4.0,pasillo_vertical
PASILLO_190_78,RACK_188_78,2.0,acceso_rack
PASILLO_190_78,RACK_192_78,2.0,acceso_rack
PASILLO_190_78,PASILLO_190_82,4.0,pasillo_vertical
PASILLO_190_82,RACK_188_82,2.0,acceso_rack
PASILLO_190_82,RACK_192_82,2.0,acceso_rack
PASILLO_190_82,PASILLO_190_86,4.0,pasillo_vertical
PASILLO_190_86,RACK_188_86,2.0,acceso_rack
PASILLO_190_86,RACK_192_86,2.0,acceso_rack
PASILLO_190_86,PASILLO_190_90,4.0,pasillo_vertical
PASILLO_190_90,RACK_188_90,2.0,acceso_rack
PASILLO_190_90,RACK_192_90,2.0,acceso_rack
PASILLO_190_90,NAV_190_100,10.0,pasillo_vertical
NAV_200_0,PASILLO_200_4,4.0,pasillo_vertical
PASILLO_200_4,RACK_198_4,2.0,acceso_rack
PASILLO_200_4,RACK_202_4,2.0,acceso_rack
PASILLO_200_4,PASILLO_200_8,4.0,pasillo_vertical
PASILLO_200_8,RACK_198_8,2.0,acceso_rack
PASILLO_200_8,RACK_202_8,2.0,acceso_rack
PASILLO_200_8,PASILLO_200_12,4.0,pasillo_vertical
PASILLO_200_12,RACK_198_12,2.0,acceso_rack
PASILLO_200_12,RACK_202_12,2.0,acceso_rack
PASILLO_200_12,PASILLO_200_16,4.0,pasillo_vertical
PASILLO_200_16,RACK_198_16,2.0,acceso_rack
PASILLO_200_16,RACK_202_16,2.0,acceso_rack
PASILLO_200_16,PASILLO_200_20,4.0,pasillo_vertical
PASILLO_200_20,RACK_198_20,2.0,acceso_rack
PASILLO_200_20,RACK_202_20,2.0,acceso_rack
PASILLO_200_20,PASILLO_200_24,4.0,pasillo_vertical
PASILLO_200_24,RACK_198_24,2.0,acceso_rack
PASILLO_200_24,RACK_202_24,2.0,acceso_rack
PASILLO_200_24,PASILLO_200_28,4.0,pasillo_vertical
PASILLO_200_28,RACK_198_28,2.0,acceso_rack
PASILLO_200_28,RACK_202_28,2.0,acceso_rack
PASILLO_200_28,PASILLO_200_32,4.0,pasillo_vertical
PASILLO_200_32,RACK_198_32,2.0,acceso_rack
PASILLO_200_32,RACK_202_32,2.0,acceso_rack
PASILLO_200_32,PASILLO_200_36,4.0,pasillo_vertical
PASILLO_200_36,RACK_198_36,2.0,acceso_rack
PASILLO_200_36,RACK_202_36,2.0,acceso_rack
PASILLO_200_36,PASILLO_200_40,4.0,pasillo_vertical
PASILLO_200_40,RACK_198_40,2.0,acceso_rack
PASILLO_200_40,RACK_202_40,2.0,acceso_rack
PASILLO_200_40,NAV_200_50,10.0,pasillo_vertical
NAV_200_50,PASILLO_200_54,4.0,pasillo_vertical
PASILLO_200_54,RACK_198_54,2.0,acceso_rack
PASILLO_200_54,RACK_202_54,2.0,acceso_rack
PASILLO_200_54,PASILLO_200_58,4.0,pasillo_vertical
PASILLO_200_58,RACK_198_58,2.0,acceso_rack
PASILLO_200_58,RACK_202_58,2.0,acceso_rack
PASILLO_200_58,PASILLO_200_62,4.0,pasillo_vertical
PASILLO_200_62,RACK_198_62,2.0,acceso_rack
PASILLO_200_62,RACK_202_62,2.0,acceso_rack
PASILLO_200_62,PASILLO_200_66,4.0,pasillo_vertical
PASILLO_200_66,RACK_198_66,2.0,acceso_rack
PASILLO_200_66,RACK_202_66,2.0,acceso_rack
PASILLO_200_66,PASILLO_200_70,4.0,pasillo_vertical
PASILLO_200_70,RACK_198_70,2.0,acceso_rack
PASILLO_200_70,RACK_202_70,2.0,acceso_rack
PASILLO_200_70,PASILLO_200_74,4.0,pasillo_vertical
PASILLO_200_74,RACK_198_74,2.0,acceso_rack
PASILLO_200_74,RACK_202_74,2.0,acceso_rack
PASILLO_200_74,PASILLO_200_78,4.0,pasillo_vertical
PASILLO_200_78,RACK_198_78,2.0,acceso_rack
PASILLO_200_78,RACK_202_78,2.0,acceso_rack
PASILLO_200_78,PASILLO_200_82,4.0,pasillo_vertical
PASILLO_200_82,RACK_198_82,2.0,acceso_rack
PASILLO_200_82,RACK_202_82,2.0,acceso_rack
PASILLO_200_82,PASILLO_200_86,4.0,pasillo_vertical
PASILLO_200_86,RACK_198_86,2.0,acceso_rack
PASILLO_200_86,RACK_202_86,2.0,acceso_rack
PASILLO_200_86,PASILLO_200_90,4.0,pasillo_vertical
PASILLO_200_90,RACK_198_90,2.0,acceso_rack
PASILLO_200_90,RACK_202_90,2.0,acceso_rack
PASILLO_200_90,NAV_200_100,10.0,pasillo_vertical
NAV_210_0,PASILLO_210_4,4.0,pasillo_vertical
PASILLO_210_4,RACK_208_4,2.0,acceso_rack
PASILLO_210_4,RACK_212_4,2.0,acceso_rack
PASILLO_210_4,PASILLO_210_8,4.0,pasillo_vertical
PASILLO_210_8,RACK_208_8,2.0,acceso_rack
PASILLO_210_8,RACK_212_8,2.0,acceso_rack
PASILLO_210_8,PASILLO_210_12,4.0,pasillo_vertical
PASILLO_210_12,RACK_208_12,2.0,acceso_rack
PASILLO_210_12,RACK_212_12,2.0,acceso_rack
PASILLO_210_12,PASILLO_210_16,4.0,pasillo_vertical
PASILLO_210_16,RACK_208_16,2.0,acceso_rack
PASILLO_210_16,RACK_212_16,2.0,acceso_rack
PASILLO_210_16,PASILLO_210_20,4.0,pasillo_vertical
PASILLO_210_20,RACK_208_20,2.0,acceso_rack
PASILLO_210_20,RACK_212_20,2.0,acceso_rack
PASILLO_210_20,PASILLO_210_24,4.0,pasillo_vertical
PASILLO_210_24,RACK_208_24,2.0,acceso_rack
PASILLO_210_24,RACK_212_24,2.0,acceso_rack
PASILLO_210_24,PASILLO_210_28,4.0,pasillo_vertical
PASILLO_210_28,RACK_208_28,2.0,acceso_rack
PASILLO_210_28,RACK_212_28,2.0,acceso_rack
PASILLO_210_28,PASILLO_210_32,4.0,pasillo_vertical
PASILLO_210_32,RACK_208_32,2.0,acceso_rack
PASILLO_210_32,RACK_212_32,2.0,acceso_rack
PASILLO_210_32,PASILLO_210_36,4.0,pasillo_vertical
PASILLO_210_36,RACK_208_36,2.0,acceso_rack
PASILLO_210_36,RACK_212_36,2.0,acceso_rack
PASILLO_210_36,PASILLO_210_40,4.0,pasillo_vertical
PASILLO_210_40,RACK_208_40,2.0,acceso_rack
PASILLO_210_40,RACK_212_40,2.0,acceso_rack
PASILLO_210_40,NAV_210_50,10.0,pasillo_vertical
NAV_210_50,PASILLO_210_54,4.0,pasillo_vertical
PASILLO_210_54,RACK_208_54,2.0,acceso_rack
PASILLO_210_54,RACK_212_54,2.0,acceso_rack
PASILLO_210_54,PASILLO_210_58,4.0,pasillo_vertical
PASILLO_210_58,RACK_208_58,2.0,acceso_rack
PASILLO_210_58,RACK_212_58,2.0,acceso_rack
PASILLO_210_58,PASILLO_210_62,4.0,pasillo_vertical
PASILLO_210_62,RACK_208_62,2.0,acceso_rack
PASILLO_210_62,RACK_212_62,2.0,acceso_rack
PASILLO_210_62,PASILLO_210_66,4.0,pasillo_vertical
PASILLO_210_66,RACK_208_66,2.0,acceso_rack
PASILLO_210_66,RACK_212_66,2.0,acceso_rack
PASILLO_210_66,PASILLO_210_70,4.0,pasillo_vertical
PASILLO_210_70,RACK_208_70,2.0,acceso_rack
PASILLO_210_70,RACK_212_70,2.0,acceso_rack
PASILLO_210_70,PASILLO_210_74,4.0,pasillo_vertical
PASILLO_210_74,RACK_208_74,2.0,acceso_rack
PASILLO_210_74,RACK_212_74,2.0,acceso_rack
PASILLO_210_74,PASILLO_210_78,4.0,pasillo_vertical
PASILLO_210_78,RACK_208_78,2.0,acceso_rack
PASILLO_210_78,RACK_212_78,2.0,acceso_rack
PASILLO_210_78,PASILLO_210_82,4.0,pasillo_vertical
PASILLO_210_82,RACK_208_82,2.0,acceso_rack
PASILLO_210_82,RACK_212_82,2.0,acceso_rack
PASILLO_210_82,PASILLO_210_86,4.0,pasillo_vertical
PASILLO_210_86,RACK_208_86,2.0,acceso_rack
PASILLO_210_86,RACK_212_86,2.0,acceso_rack
PASILLO_210_86,PASILLO_210_90,4.0,pasillo_vertical
PASILLO_210_90,RACK_208_90,2.0,acceso_rack
PASILLO_210_90,RACK_212_90,2.0,acceso_rack
PASILLO_210_90,NAV_210_100,10.0,pasillo_vertical
NAV_220_0,PASILLO_220_4,4.0,pasillo_vertical
PASILLO_220_4,RACK_218_4,2.0,acceso_rack
PASILLO_220_4,RACK_222_4,2.0,acceso_rack
PASILLO_220_4,PASILLO_220_8,4.0,pasillo_vertical
PASILLO_220_8,RACK_218_8,2.0,acceso_rack
PASILLO_220_8,RACK_222_8,2.0,acceso_rack
PASILLO_220_8,PASILLO_220_12,4.0,pasillo_vertical
PASILLO_220_12,RACK_218_12,2.0,acceso_rack
PASILLO_220_12,RACK_222_12,2.0,acceso_rack
PASILLO_220_12,PASILLO_220_16,4.0,pasillo_vertical
PASILLO_220_16,RACK_218_16,2.0,acceso_rack
PASILLO_220_16,RACK_222_16,2.0,acceso_rack
PASILLO_220_16,PASILLO_220_20,4.0,pasillo_vertical
PASILLO_220_20,RACK_218_20,2.0,acceso_rack
PASILLO_220_20,RACK_222_20,2.0,acceso_rack
PASILLO_220_20,PASILLO_220_24,4.0,pasillo_vertical
PASILLO_220_24,RACK_218_24,2.0,acceso_rack
PASILLO_220_24,RACK_222_24,2.0,acceso_rack
PASILLO_220_24,PASILLO_220_28,4.0,pasillo_vertical
PASILLO_220_28,RACK_218_28,2.0,acceso_rack
PASILLO_220_28,RACK_222_28,2.0,acceso_rack
PASILLO_220_28,PASILLO_220_32,4.0,pasillo_vertical
PASILLO_220_32,RACK_218_32,2.0,acceso_rack
PASILLO_220_32,RACK_222_32,2.0,acceso_rack
PASILLO_220_32,PASILLO_220_36,4.0,pasillo_vertical
PASILLO_220_36,RACK_218_36,2.0,acceso_rack
PASILLO_220_36,RACK_222_36,2.0,acceso_rack
PASILLO_220_36,PASILLO_220_40,4.0,pasillo_vertical
PASILLO_220_40,RACK_218_40,2.0,acceso_rack
PASILLO_220_40,RACK_222_40,2.0,acceso_rack
PASILLO_220_40,NAV_220_50,10.0,pasillo_vertical
NAV_220_50,PASILLO_220_54,4.0,pasillo_vertical
PASILLO_220_54,RACK_218_54,2.0,acceso_rack
PASILLO_220_54,RACK_222_54,2.0,acceso_rack
PASILLO_220_54,PASILLO_220_58,4.0,pasillo_vertical
PASILLO_220_58,RACK_218_58,2.0,acceso_rack
PASILLO_220_58,RACK_222_58,2.0,acceso_rack
PASILLO_220_58,PASILLO_220_62,4.0,pasillo_vertical
PASILLO_220_62,RACK_218_62,2.0,acceso_rack
PASILLO_220_62,RACK_222_62,2.0,acceso_rack
PASILLO_220_62,PASILLO_220_66,4.0,pasillo_vertical
PASILLO_220_66,RACK_218_66,2.0,acceso_rack
PASILLO_220_66,RACK_222_66,2.0,acceso_rack
PASILLO_220_66,PASILLO_220_70,4.0,pasillo_vertical
PASILLO_220_70,RACK_218_70,2.0,acceso_rack
PASILLO_220_70,RACK_222_70,2.0,acceso_rack
PASILLO_220_70,PASILLO_220_74,4.0,pasillo_vertical
PASILLO_220_74,RACK_218_74,2.0,acceso_rack
PASILLO_220_74,RACK_222_74,2.0,acceso_rack
PASILLO_220_74,PASILLO_220_78,4.0,pasillo_vertical
PASILLO_220_78,RACK_218_78,2.0,acceso_rack
PASILLO_220_78,RACK_222_78,2.0,acceso_rack
PASILLO_220_78,PASILLO_220_82,4.0,pasillo_vertical
PASILLO_220_82,RACK_218_82,2.0,acceso_rack
PASILLO_220_82,RACK_222_82,2.0,acceso_rack
PASILLO_220_82,PASILLO_220_86,4.0,pasillo_vertical
PASILLO_220_86,RACK_218_86,2.0,acceso_rack
PASILLO_220_86,RACK_222_86,2.0,acceso_rack
PASILLO_220_86,PASILLO_220_90,4.0,pasillo_vertical
PASILLO_220_90,RACK_218_90,2.0,acceso_rack
PASILLO_220_90,RACK_222_90,2.0,acceso_rack
PASILLO_220_90,NAV_220_100,10.0,pasillo_vertical
NAV_230_0,PASILLO_230_4,4.0,pasillo_vertical
PASILLO_230_4,RACK_228_4,2.0,acceso_rack
PASILLO_230_4,RACK_232_4,2.0,acceso_rack
PASILLO_230_4,PASILLO_230_8,4.0,pasillo_vertical
PASILLO_230_8,RACK_228_8,2.0,acceso_rack
PASILLO_230_8,RACK_232_8,2.0,acceso_rack
PASILLO_230_8,PASILLO_230_12,4.0,pasillo_vertical
PASILLO_230_12,RACK_228_12,2.0,acceso_rack
PASILLO_230_12,RACK_232_12,2.0,acceso_rack
PASILLO_230_12,PASILLO_230_16,4.0,pasillo_vertical
PASILLO_230_16,RACK_228_16,2.0,acceso_rack
PASILLO_230_16,RACK_232_16,2.0,acceso_rack
PASILLO_230_16,PASILLO_230_20,4.0,pasillo_vertical
PASILLO_230_20,RACK_228_20,2.0,acceso_rack
PASILLO_230_20,RACK_232_20,2.0,acceso_rack
PASILLO_230_20,PASILLO_230_24,4.0,pasillo_vertical
PASILLO_230_24,RACK_228_24,2.0,acceso_rack
PASILLO_230_24,RACK_232_24,2.0,acceso_rack
PASILLO_230_24,PASILLO_230_28,4.0,pasillo_vertical
PASILLO_230_28,RACK_228_28,2.0,acceso_rack
PASILLO_230_28,RACK_232_28,2.0,acceso_rack
PASILLO_230_28,PASILLO_230_32,4.0,pasillo_vertical
PASILLO_230_32,RACK_228_32,2.0,acceso_rack
PASILLO_230_32,RACK_232_32,2.0,acceso_rack
PASILLO_230_32,PASILLO_230_36,4.0,pasillo_vertical
PASILLO_230_36,RACK_228_36,2.0,acceso_rack
PASILLO_230_36,RACK_232_36,2.0,acceso_rack
PASILLO_230_36,PASILLO_230_40,4.0,pasillo_vertical
PASILLO_230_40,RACK_228_40,2.0,acceso_rack
PASILLO_230_40,RACK_232_40,2.0,acceso_rack
PASILLO_230_40,NAV_230_50,10.0,pasillo_vertical
NAV_230_50,PASILLO_230_54,4.0,pasillo_vertical
PASILLO_230_54,RACK_228_54,2.0,acceso_rack
PASILLO_230_54,RACK_232_54,2.0,acceso_rack
PASILLO_230_54,PASILLO_230_58,4.0,pasillo_vertical
PASILLO_230_58,RACK_228_58,2.0,acceso_rack
PASILLO_230_58,RACK_232_58,2.0,acceso_rack
PASILLO_230_58,PASILLO_230_62,4.0,pasillo_vertical
PASILLO_230_62,RACK_228_62,2.0,acceso_rack
PASILLO_230_62,RACK_232_62,2.0,acceso_rack
PASILLO_230_62,PASILLO_230_66,4.0,pasillo_vertical
PASILLO_230_66,RACK_228_66,2.0,acceso_rack
PASILLO_230_66,RACK_232_66,2.0,acceso_rack
PASILLO_230_66,PASILLO_230_70,4.0,pasillo_vertical
PASILLO_230_70,RACK_228_70,2.0,acceso_rack
PASILLO_230_70,RACK_232_70,2.0,acceso_rack
PASILLO_230_70,PASILLO_230_74,4.0,pasillo_vertical
PASILLO_230_74,RACK_228_74,2.0,acceso_rack
PASILLO_230_74,RACK_232_74,2.0,acceso_rack
PASILLO_230_74,PASILLO_230_78,4.0,pasillo_vertical
PASILLO_230_78,RACK_228_78,2.0,acceso_rack
PASILLO_230_78,RACK_232_78,2.0,acceso_rack
PASILLO_230_78,PASILLO_230_82,4.0,pasillo_vertical
PASILLO_230_82,RACK_228_82,2.0,acceso_rack
PASILLO_230_82,RACK_232_82,2.0,acceso_rack
PASILLO_230_82,PASILLO_230_86,4.0,pasillo_vertical
PASILLO_230_86,RACK_228_86,2.0,acceso_rack
PASILLO_230_86,RACK_232_86,2.0,acceso_rack
PASILLO_230_86,PASILLO_230_90,4.0,pasillo_vertical
PASILLO_230_90,RACK_228_90,2.0,acceso_rack
PASILLO_230_90,RACK_232_90,2.0,acceso_rack
PASILLO_230_90,NAV_230_100,10.0,pasillo_vertical
NAV_240_0,PASILLO_240_4,4.0,pasillo_vertical
PASILLO_240_4,RACK_238_4,2.0,acceso_rack
PASILLO_240_4,RACK_242_4,2.0,acceso_rack
PASILLO_240_4,PASILLO_240_8,4.0,pasillo_vertical
PASILLO_240_8,RACK_238_8,2.0,acceso_rack
PASILLO_240_8,RACK_242_8,2.0,acceso_rack
PASILLO_240_8,PASILLO_240_12,4.0,pasillo_vertical
PASILLO_240_12,RACK_238_12,2.0,acceso_rack
PASILLO_240_12,RACK_242_12,2.0,acceso_rack
PASILLO_240_12,PASILLO_240_16,4.0,pasillo_vertical
PASILLO_240_16,RACK_238_16,2.0,acceso_rack
PASILLO_240_16,RACK_242_16,2.0,acceso_rack
PASILLO_240_16,PASILLO_240_20,4.0,pasillo_vertical
PASILLO_240_20,RACK_238_20,2.0,acceso_rack
PASILLO_240_20,RACK_242_20,2.0,acceso_rack
PASILLO_240_20,PASILLO_240_24,4.0,pasillo_vertical
PASILLO_240_24,RACK_238_24,2.0,acceso_rack
PASILLO_240_24,RACK_242_24,2.0,acceso_rack
PASILLO_240_24,PASILLO_240_28,4.0,pasillo_vertical
PASILLO_240_28,RACK_238_28,2.0,acceso_rack
PASILLO_240_28,RACK_242_28,2.0,acceso_rack
PASILLO_240_28,PASILLO_240_32,4.0,pasillo_vertical
PASILLO_240_32,RACK_238_32,2.0,acceso_rack
PASILLO_240_32,RACK_242_32,2.0,acceso_rack
PASILLO_240_32,PASILLO_240_36,4.0,pasillo_vertical
PASILLO_240_36,RACK_238_36,2.0,acceso_rack
PASILLO_240_36,RACK_242_36,2.0,acceso_rack
PASILLO_240_36,PASILLO_240_40,4.0,pasillo_vertical
PASILLO_240_40,RACK_238_40,2.0,acceso_rack
PASILLO_240_40,RACK_242_40,2.0,acceso_rack
PASILLO_240_40,NAV_240_50,10.0,pasillo_vertical
NAV_240_50,PASILLO_240_54,4.0,pasillo_vertical
PASILLO_240_54,RACK_238_54,2.0,acceso_rack
PASILLO_240_54,RACK_242_54,2.0,acceso_rack
PASILLO_240_54,PASILLO_240_58,4.0,pasillo_vertical
PASILLO_240_58,RACK_238_58,2.0,acceso_rack
PASILLO_240_58,RACK_242_58,2.0,acceso_rack
PASILLO_240_58,PASILLO_240_62,4.0,pasillo_vertical
PASILLO_240_62,RACK_238_62,2.0,acceso_rack
PASILLO_240_62,RACK_242_62,2.0,acceso_rack
PASILLO_240_62,PASILLO_240_66,4.0,pasillo_vertical
PASILLO_240_66,RACK_238_66,2.0,acceso_rack
PASILLO_240_66,RACK_242_66,2.0,acceso_rack
PASILLO_240_66,PASILLO_240_70,4.0,pasillo_vertical
PASILLO_240_70,RACK_238_70,2.0,acceso_rack
PASILLO_240_70,RACK_242_70,2.0,acceso_rack
PASILLO_240_70,PASILLO_240_74,4.0,pasillo_vertical
PASILLO_240_74,RACK_238_74,2.0,acceso_rack
PASILLO_240_74,RACK_242_74,2.0,acceso_rack
PASILLO_240_74,PASILLO_240_78,4.0,pasillo_vertical
PASILLO_240_78,RACK_238_78,2.0,acceso_rack
PASILLO_240_78,RACK_242_78,2.0,acceso_rack
PASILLO_240_78,PASILLO_240_82,4.0,pasillo_vertical
PASILLO_240_82,RACK_238_82,2.0,acceso_rack
PASILLO_240_82,RACK_242_82,2.0,acceso_rack
PASILLO_240_82,PASILLO_240_86,4.0,pasillo_vertical
PASILLO_240_86,RACK_238_86,2.0,acceso_rack
PASILLO_240_86,RACK_242_86,2.0,acceso_rack
PASILLO_240_86,PASILLO_240_90,4.0,pasillo_vertical
PASILLO_240_90,RACK_238_90,2.0,acceso_rack
PASILLO_240_90,RACK_242_90,2.0,acceso_rack
PASILLO_240_90,NAV_240_100,10.0,pasillo_vertical
NAV_250_0,PASILLO_250_4,4.0,pasillo_vertical
PASILLO_250_4,RACK_248_4,2.0,acceso_rack
PASILLO_250_4,RACK_252_4,2.0,acceso_rack
PASILLO_250_4,PASILLO_250_8,4.0,pasillo_vertical
PASILLO_250_8,RACK_248_8,2.0,acceso_rack
PASILLO_250_8,RACK_252_8,2.0,acceso_rack
PASILLO_250_8,PASILLO_250_12,4.0,pasillo_vertical
PASILLO_250_12,RACK_248_12,2.0,acceso_rack
PASILLO_250_12,RACK_252_12,2.0,acceso_rack
PASILLO_250_12,PASILLO_250_16,4.0,pasillo_vertical
PASILLO_250_16,RACK_248_16,2.0,acceso_rack
PASILLO_250_16,RACK_252_16,2.0,acceso_rack
PASILLO_250_16,PASILLO_250_20,4.0,pasillo_vertical
PASILLO_250_20,RACK_248_20,2.0,acceso_rack
PASILLO_250_20,RACK_252_20,2.0,acceso_rack
PASILLO_250_20,PASILLO_250_24,4.0,pasillo_vertical
PASILLO_250_24,RACK_248_24,2.0,acceso_rack
PASILLO_250_24,RACK_252_24,2.0,acceso_rack
PASILLO_250_24,PASILLO_250_28,4.0,pasillo_vertical
PASILLO_250_28,RACK_248_28,2.0,acceso_rack
PASILLO_250_28,RACK_252_28,2.0,acceso_rack
PASILLO_250_28,PASILLO_250_32,4.0,pasillo_vertical
PASILLO_250_32,RACK_248_32,2.0,acceso_rack
PASILLO_250_32,RACK_252_32,2.0,acceso_rack
PASILLO_250_32,PASILLO_250_36,4.0,pasillo_vertical
PASILLO_250_36,RACK_248_36,2.0,acceso_rack
PASILLO_250_36,RACK_252_36,2.0,acceso_rack
PASILLO_250_36,PASILLO_250_40,4.0,pasillo_vertical
PASILLO_250_40,RACK_248_40,2.0,acceso_rack
PASILLO_250_40,RACK_252_40,2.0,acceso_rack
PASILLO_250_40,NAV_250_50,10.0,pasillo_vertical
NAV_250_50,PASILLO_250_54,4.0,pasillo_vertical
PASILLO_250_54,RACK_248_54,2.0,acceso_rack
PASILLO_250_54,RACK_252_54,2.0,acceso_rack
PASILLO_250_54,PASILLO_250_58,4.0,pasillo_vertical
PASILLO_250_58,RACK_248_58,2.0,acceso_rack
PASILLO_250_58,RACK_252_58,2.0,acceso_rack
PASILLO_250_58,PASILLO_250_62,4.0,pasillo_vertical
PASILLO_250_62,RACK_248_62,2.0,acceso_rack
PASILLO_250_62,RACK_252_62,2.0,acceso_rack
PASILLO_250_62,PASILLO_250_66,4.0,pasillo_vertical
PASILLO_250_66,RACK_248_66,2.0,acceso_rack
PASILLO_250_66,RACK_252_66,2.0,acceso_rack
PASILLO_250_66,PASILLO_250_70,4.0,pasillo_vertical
PASILLO_250_70,RACK_248_70,2.0,acceso_rack
PASILLO_250_70,RACK_252_70,2.0,acceso_rack
PASILLO_250_70,PASILLO_250_74,4.0,pasillo_vertical
PASILLO_250_74,RACK_248_74,2.0,acceso_rack
PASILLO_250_74,RACK_252_74,2.0,acceso_rack
PASILLO_250_74,PASILLO_250_78,4.0,pasillo_vertical
PASILLO_250_78,RACK_248_78,2.0,acceso_rack
PASILLO_250_78,RACK_252_78,2.0,acceso_rack
PASILLO_250_78,PASILLO_250_82,4.0,pasillo_vertical
PASILLO_250_82,RACK_248_82,2.0,acceso_rack
PASILLO_250_82,RACK_252_82,2.0,acceso_rack
PASILLO_250_82,PASILLO_250_86,4.0,pasillo_vertical
PASILLO_250_86,RACK_248_86,2.0,acceso_rack
PASILLO_250_86,RACK_252_86,2.0,acceso_rack
PASILLO_250_86,PASILLO_250_90,4.0,pasillo_vertical
PASILLO_250_90,RACK_248_90,2.0,acceso_rack
PASILLO_250_90,RACK_252_90,2.0,acceso_rack
PASILLO_250_90,NAV_250_100,10.0,pasillo_vertical
