node_id,type,x,y,sector
NAV_0_0,interseccion,0,0,A
NAV_0_50,interseccion,0,50,A
NAV_0_100,interseccion,0,100,A
NAV_10_0,interseccion,10,0,B
NAV_10_50,interseccion,10,50,B
NAV_10_100,interseccion,10,100,B
NAV_20_0,interseccion,20,0,C
NAV_20_50,interseccion,20,50,C
NAV_20_100,interseccion,20,100,C
NAV_30_0,interseccion,30,0,D
NAV_30_50,interseccion,30,50,D
NAV_30_100,interseccion,30,100,D
NAV_40_0,interseccion,40,0,E
NAV_40_50,interseccion,40,50,E
NAV_40_100,interseccion,40,100,E
NAV_50_0,interseccion,50,0,F
NAV_50_50,interseccion,50,50,F
NAV_50_100,interseccion,50,100,F
NAV_60_0,interseccion,60,0,G
NAV_60_50,interseccion,60,50,G
NAV_60_100,interseccion,60,100,G
NAV_70_0,interseccion,70,0,H
NAV_70_50,interseccion,70,50,H
NAV_70_100,interseccion,70,100,H
NAV_80_0,interseccion,80,0,I
NAV_80_50,interseccion,80,50,I
NAV_80_100,interseccion,80,100,I
NAV_90_0,interseccion,90,0,J
NAV_90_50,interseccion,90,50,J
NAV_90_100,interseccion,90,100,J
NAV_100_0,interseccion,100,0,K
NAV_100_50,interseccion,100,50,K
NAV_100_100,interseccion,100,100,K
NAV_110_0,interseccion,110,0,L
NAV_110_50,interseccion,110,50,L
NAV_110_100,interseccion,110,100,L
NAV_120_0,interseccion,120,0,M
NAV_120_50,interseccion,120,50,M
NAV_120_100,interseccion,120,100,M
NAV_130_0,interseccion,130,0,N
NAV_130_50,interseccion,130,50,N
NAV_130_100,interseccion,130,100,N
NAV_140_0,interseccion,140,0,O
NAV_140_50,interseccion,140,50,O
NAV_140_100,interseccion,140,100,O
NAV_150_0,interseccion,150,0,P
NAV_150_50,interseccion,150,50,P
NAV_150_100,interseccion,150,100,P
NAV_160_0,interseccion,160,0,Q
NAV_160_50,interseccion,160,50,Q
NAV_160_100,interseccion,160,100,Q
NAV_170_0,interseccion,170,0,R
NAV_170_50,interseccion,170,50,R
NAV_170_100,interseccion,170,100,R
NAV_180_0,interseccion,180,0,S
NAV_180_50,interseccion,180,50,S
NAV_180_100,interseccion,180,100,S
NAV_190_0,interseccion,190,0,T
NAV_190_50,interseccion,190,50,T
NAV_190_100,interseccion,190,100,T
NAV_200_0,interseccion,200,0,U
NAV_200_50,interseccion,200,50,U
NAV_200_100,interseccion,200,100,U
NAV_210_0,interseccion,210,0,V
NAV_210_50,interseccion,210,50,V
NAV_210_100,interseccion,210,100,V
NAV_220_0,interseccion,220,0,W
NAV_220_50,interseccion,220,50,W
NAV_220_100,interseccion,220,100,W
NAV_230_0,interseccion,230,0,X
NAV_230_50,interseccion,230,50,X
NAV_230_100,interseccion,230,100,X
NAV_240_0,interseccion,240,0,Y
NAV_240_50,interseccion,240,50,Y
NAV_240_100,interseccion,240,100,Y
NAV_250_0,interseccion,250,0,Z
NAV_250_50,interseccion,250,50,Z
NAV_250_100,interseccion,250,100,Z
PASILLO_0_4,punto_pasillo,0,4,A
RACK_-2_4,rack,-2,4,A
RACK_2_4,rack,2,4,A
PASILLO_0_8,punto_pasillo,0,8,A
RACK_-2_8,rack,-2,8,A
RACK_2_8,rack,2,8,A
PASILLO_0_12,punto_pasillo,0,12,A
RACK_-2_12,rack,-2,12,A
RACK_2_12,rack,2,12,A
PASILLO_0_16,punto_pasillo,0,16,A
RACK_-2_16,rack,-2,16,A
RACK_2_16,rack,2,16,A
PASILLO_0_20,punto_pasillo,0,20,A
RACK_-2_20,rack,-2,20,A
RACK_2_20,rack,2,20,A
PASILLO_0_24,punto_pasillo,0,24,A
RACK_-2_24,rack,-2,24,A
RACK_2_24,rack,2,24,A
PASILLO_0_28,punto_pasillo,0,28,A
RACK_-2_28,rack,-2,28,A
RACK_2_28,rack,2,28,A
PASILLO_0_32,punto_pasillo,0,32,A
RACK_-2_32,rack,-2,32,A
RACK_2_32,rack,2,32,A
PASILLO_0_36,punto_pasillo,0,36,A
RACK_-2_36,rack,-2,36,A
RACK_2_36,rack,2,36,A
PASILLO_0_40,punto_pasillo,0,40,A
RACK_-2_40,rack,-2,40,A
RACK_2_40,rack,2,40,A
PASILLO_0_54,punto_pasillo,0,54,A
RACK_-2_54,rack,-2,54,A
RACK_2_54,rack,2,54,A
PASILLO_0_58,punto_pasillo,0,58,A
RACK_-2_58,rack,-2,58,A
RACK_2_58,rack,2,58,A
PASILLO_0_62,punto_pasillo,0,62,A
RACK_-2_62,rack,-2,62,A
RACK_2_62,rack,2,62,A
PASILLO_0_66,punto_pasillo,0,66,A
RACK_-2_66,rack,-2,66,A
RACK_2_66,rack,2,66,A
PASILLO_0_70,punto_pasillo,0,70,A
RACK_-2_70,rack,-2,70,A
RACK_2_70,rack,2,70,A
PASILLO_0_74,punto_pasillo,0,74,A
RACK_-2_74,rack,-2,74,A
RACK_2_74,rack,2,74,A
PASILLO_0_78,punto_pasillo,0,78,A
RACK_-2_78,rack,-2,78,A
RACK_2_78,rack,2,78,A
PASILLO_0_82,punto_pasillo,0,82,A
RACK_-2_82,rack,-2,82,A
RACK_2_82,rack,2,82,A
PASILLO_0_86,punto_pasillo,0,86,A
RACK_-2_86,rack,-2,86,A
RACK_2_86,rack,2,86,A
PASILLO_0_90,punto_pasillo,0,90,A
RACK_-2_90,rack,-2,90,A
RACK_2_90,rack,2,90,A
PASILLO_10_4,punto_pasillo,10,4,B
RACK_8_4,rack,8,4,B
RACK_12_4,rack,12,4,B
PASILLO_10_8,punto_pasillo,10,8,B
RACK_8_8,rack,8,8,B
RACK_12_8,rack,12,8,B
PASILLO_10_12,punto_pasillo,10,12,B
RACK_8_12,rack,8,12,B
RACK_12_12,rack,12,12,B
PASILLO_10_16,punto_pasillo,10,16,B
RACK_8_16,rack,8,16,B
RACK_12_16,rack,12,16,B
PASILLO_10_20,punto_pasillo,10,20,B
RACK_8_20,rack,8,20,B
RACK_12_20,rack,12,20,B
PASILLO_10_24,punto_pasillo,10,24,B
RACK_8_24,rack,8,24,B
RACK_12_24,rack,12,24,B
PASILLO_10_28,punto_pasillo,10,28,B
RACK_8_28,rack,8,28,B
RACK_12_28,rack,12,28,B
PASILLO_10_32,punto_pasillo,10,32,B
RACK_8_32,rack,8,32,B
RACK_12_32,rack,12,32,B
PASILLO_10_36,punto_pasillo,10,36,B
RACK_8_36,rack,8,36,B
RACK_12_36,rack,12,36,B
PASILLO_10_40,punto_pasillo,10,40,B
RACK_8_40,rack,8,40,B
RACK_12_40,rack,12,40,B
PASILLO_10_54,punto_pasillo,10,54,B
RACK_8_54,rack,8,54,B
RACK_12_54,rack,12,54,B
PASILLO_10_58,punto_pasillo,10,58,B
RACK_8_58,rack,8,58,B
RACK_12_58,rack,12,58,B
PASILLO_10_62,punto_pasillo,10,62,B
RACK_8_62,rack,8,62,B
RACK_12_62,rack,12,62,B
PASILLO_10_66,punto_pasillo,10,66,B
RACK_8_66,rack,8,66,B
RACK_12_66,rack,12,66,B
PASILLO_10_70,punto_pasillo,10,70,B
RACK_8_70,rack,8,70,B
RACK_12_70,rack,12,70,B
PASILLO_10_74,punto_pasillo,10,74,B
RACK_8_74,rack,8,74,B
RACK_12_74,rack,12,74,B
PASILLO_10_78,punto_pasillo,10,78,B
RACK_8_78,rack,8,78,B
RACK_12_78,rack,12,78,B
PASILLO_10_82,punto_pasillo,10,82,B
RACK_8_82,rack,8,82,B
RACK_12_82,rack,12,82,B
PASILLO_10_86,punto_pasillo,10,86,B
RACK_8_86,rack,8,86,B
RACK_12_86,rack,12,86,B
PASILLO_10_90,punto_pasillo,10,90,B
RACK_8_90,rack,8,90,B
RACK_12_90,rack,12,90,B
PASILLO_20_4,punto_pasillo,20,4,C
RACK_18_4,rack,18,4,C
RACK_22_4,rack,22,4,C
PASILLO_20_8,punto_pasillo,20,8,C
RACK_18_8,rack,18,8,C
RACK_22_8,rack,22,8,C
PASILLO_20_12,punto_pasillo,20,12,C
RACK_18_12,rack,18,12,C
RACK_22_12,rack,22,12,C
PASILLO_20_16,punto_pasillo,20,16,C
RACK_18_16,rack,18,16,C
RACK_22_16,rack,22,16,C
PASILLO_20_20,punto_pasillo,20,20,C
RACK_18_20,rack,18,20,C
RACK_22_20,rack,22,20,C
PASILLO_20_24,punto_pasillo,20,24,C
RACK_18_24,rack,18,24,C
RACK_22_24,rack,22,24,C
PASILLO_20_28,punto_pasillo,20,28,C
RACK_18_28,rack,18,28,C
RACK_22_28,rack,22,28,C
PASILLO_20_32,punto_pasillo,20,32,C
RACK_18_32,rack,18,32,C
RACK_22_32,rack,22,32,C
PASILLO_20_36,punto_pasillo,20,36,C
RACK_18_36,rack,18,36,C
RACK_22_36,rack,22,36,C
PASILLO_20_40,punto_pasillo,20,40,C
RACK_18_40,rack,18,40,C
RACK_22_40,rack,22,40,C
PASILLO_20_54,punto_pasillo,20,54,C
RACK_18_54,rack,18,54,C
RACK_22_54,rack,22,54,C
PASILLO_20_58,punto_pasillo,20,58,C
RACK_18_58,rack,18,58,C
RACK_22_58,rack,22,58,C
PASILLO_20_62,punto_pasillo,20,62,C
RACK_18_62,rack,18,62,C
RACK_22_62,rack,22,62,C
PASILLO_20_66,punto_pasillo,20,66,C
RACK_18_66,rack,18,66,C
RACK_22_66,rack,22,66,C
PASILLO_20_70,punto_pasillo,20,70,C
RACK_18_70,rack,18,70,C
RACK_22_70,rack,22,70,C
PASILLO_20_74,punto_pasillo,20,74,C
RACK_18_74,rack,18,74,C
RACK_22_74,rack,22,74,C
PASILLO_20_78,punto_pasillo,20,78,C
RACK_18_78,rack,18,78,C
RACK_22_78,rack,22,78,C
PASILLO_20_82,punto_pasillo,20,82,C
RACK_18_82,rack,18,82,C
RACK_22_82,rack,22,82,C
PASILLO_20_86,punto_pasillo,20,86,C
RACK_18_86,rack,18,86,C
RACK_22_86,rack,22,86,C
PASILLO_20_90,punto_pasillo,20,90,C
RACK_18_90,rack,18,90,C
RACK_22_90,rack,22,90,C
PASILLO_30_4,punto_pasillo,30,4,D
RACK_28_4,rack,28,4,D
RACK_32_4,rack,32,4,D
PASILLO_30_8,punto_pasillo,30,8,D
RACK_28_8,rack,28,8,D
RACK_32_8,rack,32,8,D
PASILLO_30_12,punto_pasillo,30,12,D
RACK_28_12,rack,28,12,D
RACK_32_12,rack,32,12,D
PASILLO_30_16,punto_pasillo,30,16,D
RACK_28_16,rack,28,16,D
RACK_32_16,rack,32,16,D
PASILLO_30_20,punto_pasillo,30,20,D
RACK_28_20,rack,28,20,D
RACK_32_20,rack,32,20,D
PASILLO_30_24,punto_pasillo,30,24,D
RACK_28_24,rack,28,24,D
RACK_32_24,rack,32,24,D
PASILLO_30_28,punto_pasillo,30,28,D
RACK_28_28,rack,28,28,D
RACK_32_28,rack,32,28,D
PASILLO_30_32,punto_pasillo,30,32,D
RACK_28_32,rack,28,32,D
RACK_32_32,rack,32,32,D
PASILLO_30_36,punto_pasillo,30,36,D
RACK_28_36,rack,28,36,D
RACK_32_36,rack,32,36,D
PASILLO_30_40,punto_pasillo,30,40,D
RACK_28_40,rack,28,40,D
RACK_32_40,rack,32,40,D
PASILLO_30_54,punto_pasillo,30,54,D
RACK_28_54,rack,28,54,D
RACK_32_54,rack,32,54,D
PASILLO_30_58,punto_pasillo,30,58,D
RACK_28_58,rack,28,58,D
RACK_32_58,rack,32,58,D
PASILLO_30_62,punto_pasillo,30,62,D
RACK_28_62,rack,28,62,D
RACK_32_62,rack,32,62,D
PASILLO_30_66,punto_pasillo,30,66,D
RACK_28_66,rack,28,66,D
RACK_32_66,rack,32,66,D
PASILLO_30_70,punto_pasillo,30,70,D
RACK_28_70,rack,28,70,D
RACK_32_70,rack,32,70,D
PASILLO_30_74,punto_pasillo,30,74,D
RACK_28_74,rack,28,74,D
RACK_32_74,rack,32,74,D
PASILLO_30_78,punto_pasillo,30,78,D
RACK_28_78,rack,28,78,D
RACK_32_78,rack,32,78,D
PASILLO_30_82,punto_pasillo,30,82,D
RACK_28_82,rack,28,82,D
RACK_32_82,rack,32,82,D
PASILLO_30_86,punto_pasillo,30,86,D
RACK_28_86,rack,28,86,D
RACK_32_86,rack,32,86,D
PASILLO_30_90,punto_pasillo,30,90,D
RACK_28_90,rack,28,90,D
RACK_32_90,rack,32,90,D
PASILLO_40_4,punto_pasillo,40,4,E
RACK_38_4,rack,38,4,E
RACK_42_4,rack,42,4,E
PASILLO_40_8,punto_pasillo,40,8,E
RACK_38_8,rack,38,8,E
RACK_42_8,rack,42,8,E
PASILLO_40_12,punto_pasillo,40,12,E
RACK_38_12,rack,38,12,E
RACK_42_12,rack,42,12,E
PASILLO_40_16,punto_pasillo,40,16,E
RACK_38_16,rack,38,16,E
RACK_42_16,rack,42,16,E
PASILLO_40_20,punto_pasillo,40,20,E
RACK_38_20,rack,38,20,E
RACK_42_20,rack,42,20,E
PASILLO_40_24,punto_pasillo,40,24,E
RACK_38_24,rack,38,24,E
RACK_42_24,rack,42,24,E
PASILLO_40_28,punto_pasillo,40,28,E
RACK_38_28,rack,38,28,E
RACK_42_28,rack,42,28,E
PASILLO_40_32,punto_pasillo,40,32,E
RACK_38_32,rack,38,32,E
RACK_42_32,rack,42,32,E
PASILLO_40_36,punto_pasillo,40,36,E
RACK_38_36,rack,38,36,E
RACK_42_36,rack,42,36,E
PASILLO_40_40,punto_pasillo,40,40,E
RACK_38_40,rack,38,40,E
RACK_42_40,rack,42,40,E
PASILLO_40_54,punto_pasillo,40,54,E
RACK_38_54,rack,38,54,E
RACK_42_54,rack,42,54,E
PASILLO_40_58,punto_pasillo,40,58,E
RACK_38_58,rack,38,58,E
RACK_42_58,rack,42,58,E
PASILLO_40_62,punto_pasillo,40,62,E
RACK_38_62,rack,38,62,E
RACK_42_62,rack,42,62,E
PASILLO_40_66,punto_pasillo,40,66,E
RACK_38_66,rack,38,66,E
RACK_42_66,rack,42,66,E
PASILLO_40_70,punto_pasillo,40,70,E
RACK_38_70,rack,38,70,E
RACK_42_70,rack,42,70,E
PASILLO_40_74,punto_pasillo,40,74,E
RACK_38_74,rack,38,74,E
RACK_42_74,rack,42,74,E
PASILLO_40_78,punto_pasillo,40,78,E
RACK_38_78,rack,38,78,E
RACK_42_78,rack,42,78,E
PASILLO_40_82,punto_pasillo,40,82,E
RACK_38_82,rack,38,82,E
RACK_42_82,rack,42,82,E
PASILLO_40_86,punto_pasillo,40,86,E
RACK_38_86,rack,38,86,E
RACK_42_86,rack,42,86,E
PASILLO_40_90,punto_pasillo,40,90,E
RACK_38_90,rack,38,90,E
RACK_42_90,rack,42,90,E
PASILLO_50_4,punto_pasillo,50,4,F
RACK_48_4,rack,48,4,F
RACK_52_4,rack,52,4,F
PASILLO_50_8,punto_pasillo,50,8,F
RACK_48_8,rack,48,8,F
RACK_52_8,rack,52,8,F
PASILLO_50_12,punto_pasillo,50,12,F
RACK_48_12,rack,48,12,F
RACK_52_12,rack,52,12,F
PASILLO_50_16,punto_pasillo,50,16,F
RACK_48_16,rack,48,16,F
RACK_52_16,rack,52,16,F
PASILLO_50_20,punto_pasillo,50,20,F
RACK_48_20,rack,48,20,F
RACK_52_20,rack,52,20,F
PASILLO_50_24,punto_pasillo,50,24,F
RACK_48_24,rack,48,24,F
RACK_52_24,rack,52,24,F
PASILLO_50_28,punto_pasillo,50,28,F
RACK_48_28,rack,48,28,F
RACK_52_28,rack,52,28,F
PASILLO_50_32,punto_pasillo,50,32,F
RACK_48_32,rack,48,32,F
RACK_52_32,rack,52,32,F
PASILLO_50_36,punto_pasillo,50,36,F
RACK_48_36,rack,48,36,F
RACK_52_36,rack,52,36,F
PASILLO_50_40,punto_pasillo,50,40,F
RACK_48_40,rack,48,40,F
RACK_52_40,rack,52,40,F
PASILLO_50_54,punto_pasillo,50,54,F
RACK_48_54,rack,48,54,F
RACK_52_54,rack,52,54,F
PASILLO_50_58,punto_pasillo,50,58,F
RACK_48_58,rack,48,58,F
RACK_52_58,rack,52,58,F
PASILLO_50_62,punto_pasillo,50,62,F
RACK_48_62,rack,48,62,F
RACK_52_62,rack,52,62,F
PASILLO_50_66,punto_pasillo,50,66,F
RACK_48_66,rack,48,66,F
RACK_52_66,rack,52,66,F
PASILLO_50_70,punto_pasillo,50,70,F
RACK_48_70,rack,48,70,F
RACK_52_70,rack,52,70,F
PASILLO_50_74,punto_pasillo,50,74,F
RACK_48_74,rack,48,74,F
RACK_52_74,rack,52,74,F
PASILLO_50_78,punto_pasillo,50,78,F
RACK_48_78,rack,48,78,F
RACK_52_78,rack,52,78,F
PASILLO_50_82,punto_pasillo,50,82,F
RACK_48_82,rack,48,82,F
RACK_52_82,rack,52,82,F
PASILLO_50_86,punto_pasillo,50,86,F
RACK_48_86,rack,48,86,F
RACK_52_86,rack,52,86,F
PASILLO_50_90,punto_pasillo,50,90,F
RACK_48_90,rack,48,90,F
RACK_52_90,rack,52,90,F
PASILLO_60_4,punto_pasillo,60,4,G
RACK_58_4,rack,58,4,G
RACK_62_4,rack,62,4,G
PASILLO_60_8,punto_pasillo,60,8,G
RACK_58_8,rack,58,8,G
RACK_62_8,rack,62,8,G
PASILLO_60_12,punto_pasillo,60,12,G
RACK_58_12,rack,58,12,G
RACK_62_12,rack,62,12,G
PASILLO_60_16,punto_pasillo,60,16,G
RACK_58_16,rack,58,16,G
RACK_62_16,rack,62,16,G
PASILLO_60_20,punto_pasillo,60,20,G
RACK_58_20,rack,58,20,G
RACK_62_20,rack,62,20,G
PASILLO_60_24,punto_pasillo,60,24,G
RACK_58_24,rack,58,24,G
RACK_62_24,rack,62,24,G
PASILLO_60_28,punto_pasillo,60,28,G
RACK_58_28,rack,58,28,G
RACK_62_28,rack,62,28,G
PASILLO_60_32,punto_pasillo,60,32,G
RACK_58_32,rack,58,32,G
RACK_62_32,rack,62,32,G
PASILLO_60_36,punto_pasillo,60,36,G
RACK_58_36,rack,58,36,G
RACK_62_36,rack,62,36,G
PASILLO_60_40,punto_pasillo,60,40,G
RACK_58_40,rack,58,40,G
RACK_62_40,rack,62,40,G
PASILLO_60_54,punto_pasillo,60,54,G
RACK_58_54,rack,58,54,G
RACK_62_54,rack,62,54,G
PASILLO_60_58,punto_pasillo,60,58,G
RACK_58_58,rack,58,58,G
RACK_62_58,rack,62,58,G
PASILLO_60_62,punto_pasillo,60,62,G
RACK_58_62,rack,58,62,G
RACK_62_62,rack,62,62,G
PASILLO_60_66,punto_pasillo,60,66,G
RACK_58_66,rack,58,66,G
RACK_62_66,rack,62,66,G
PASILLO_60_70,punto_pasillo,60,70,G
RACK_58_70,rack,58,70,G
RACK_62_70,rack,62,70,G
PASILLO_60_74,punto_pasillo,60,74,G
RACK_58_74,rack,58,74,G
RACK_62_74,rack,62,74,G
PASILLO_60_78,punto_pasillo,60,78,G
RACK_58_78,rack,58,78,G
RACK_62_78,rack,62,78,G
PASILLO_60_82,punto_pasillo,60,82,G
RACK_58_82,rack,58,82,G
RACK_62_82,rack,62,82,G
PASILLO_60_86,punto_pasillo,60,86,G
RACK_58_86,rack,58,86,G
RACK_62_86,rack,62,86,G
PASILLO_60_90,punto_pasillo,60,90,G
RACK_58_90,rack,58,90,G
RACK_62_90,rack,62,90,G
PASILLO_70_4,punto_pasillo,70,4,H
RACK_68_4,rack,68,4,H
RACK_72_4,rack,72,4,H
PASILLO_70_8,punto_pasillo,70,8,H
RACK_68_8,rack,68,8,H
RACK_72_8,rack,72,8,H
PASILLO_70_12,punto_pasillo,70,12,H
RACK_68_12,rack,68,12,H
RACK_72_12,rack,72,12,H
PASILLO_70_16,punto_pasillo,70,16,H
RACK_68_16,rack,68,16,H
RACK_72_16,rack,72,16,H
PASILLO_70_20,punto_pasillo,70,20,H
RACK_68_20,rack,68,20,H
RACK_72_20,rack,72,20,H
PASILLO_70_24,punto_pasillo,70,24,H
RACK_68_24,rack,68,24,H
RACK_72_24,rack,72,24,H
PASILLO_70_28,punto_pasillo,70,28,H
RACK_68_28,rack,68,28,H
RACK_72_28,rack,72,28,H
PASILLO_70_32,punto_pasillo,70,32,H
RACK_68_32,rack,68,32,H
RACK_72_32,rack,72,32,H
PASILLO_70_36,punto_pasillo,70,36,H
RACK_68_36,rack,68,36,H
RACK_72_36,rack,72,36,H
PASILLO_70_40,punto_pasillo,70,40,H
RACK_68_40,rack,68,40,H
RACK_72_40,rack,72,40,H
PASILLO_70_54,punto_pasillo,70,54,H
RACK_68_54,rack,68,54,H
RACK_72_54,rack,72,54,H
PASILLO_70_58,punto_pasillo,70,58,H
RACK_68_58,rack,68,58,H
RACK_72_58,rack,72,58,H
PASILLO_70_62,punto_pasillo,70,62,H
RACK_68_62,rack,68,62,H
RACK_72_62,rack,72,62,H
PASILLO_70_66,punto_pasillo,70,66,H
RACK_68_66,rack,68,66,H
RACK_72_66,rack,72,66,H
PASILLO_70_70,punto_pasillo,70,70,H
RACK_68_70,rack,68,70,H
RACK_72_70,rack,72,70,H
PASILLO_70_74,punto_pasillo,70,74,H
RACK_68_74,rack,68,74,H
RACK_72_74,rack,72,74,H
PASILLO_70_78,punto_pasillo,70,78,H
RACK_68_78,rack,68,78,H
RACK_72_78,rack,72,78,H
PASILLO_70_82,punto_pasillo,70,82,H
RACK_68_82,rack,68,82,H
RACK_72_82,rack,72,82,H
PASILLO_70_86,punto_pasillo,70,86,H
RACK_68_86,rack,68,86,H
RACK_72_86,rack,72,86,H
PASILLO_70_90,punto_pasillo,70,90,H
RACK_68_90,rack,68,90,H
RACK_72_90,rack,72,90,H
PASILLO_80_4,punto_pasillo,80,4,I
RACK_78_4,rack,78,4,I
RACK_82_4,rack,82,4,I
PASILLO_80_8,punto_pasillo,80,8,I
RACK_78_8,rack,78,8,I
RACK_82_8,rack,82,8,I
PASILLO_80_12,punto_pasillo,80,12,I
RACK_78_12,rack,78,12,I
RACK_82_12,rack,82,12,I
PASILLO_80_16,punto_pasillo,80,16,I
RACK_78_16,rack,78,16,I
RACK_82_16,rack,82,16,I
PASILLO_80_20,punto_pasillo,80,20,I
RACK_78_20,rack,78,20,I
RACK_82_20,rack,82,20,I
PASILLO_80_24,punto_pasillo,80,24,I
RACK_78_24,rack,78,24,I
RACK_82_24,rack,82,24,I
PASILLO_80_28,punto_pasillo,80,28,I
RACK_78_28,rack,78,28,I
RACK_82_28,rack,82,28,I
PASILLO_80_32,punto_pasillo,80,32,I
RACK_78_32,rack,78,32,I
RACK_82_32,rack,82,32,I
PASILLO_80_36,punto_pasillo,80,36,I
RACK_78_36,rack,78,36,I
RACK_82_36,rack,82,36,I
PASILLO_80_40,punto_pasillo,80,40,I
RACK_78_40,rack,78,40,I
RACK_82_40,rack,82,40,I
PASILLO_80_54,punto_pasillo,80,54,I
RACK_78_54,rack,78,54,I
RACK_82_54,rack,82,54,I
PASILLO_80_58,punto_pasillo,80,58,I
RACK_78_58,rack,78,58,I
RACK_82_58,rack,82,58,I
PASILLO_80_62,punto_pasillo,80,62,I
RACK_78_62,rack,78,62,I
RACK_82_62,rack,82,62,I
PASILLO_80_66,punto_pasillo,80,66,I
RACK_78_66,rack,78,66,I
RACK_82_66,rack,82,66,I
PASILLO_80_70,punto_pasillo,80,70,I
RACK_78_70,rack,78,70,I
RACK_82_70,rack,82,70,I
PASILLO_80_74,punto_pasillo,80,74,I
RACK_78_74,rack,78,74,I
RACK_82_74,rack,82,74,I
PASILLO_80_78,punto_pasillo,80,78,I
RACK_78_78,rack,78,78,I
RACK_82_78,rack,82,78,I
PASILLO_80_82,punto_pasillo,80,82,I
RACK_78_82,rack,78,82,I
RACK_82_82,rack,82,82,I
PASILLO_80_86,punto_pasillo,80,86,I
RACK_78_86,rack,78,86,I
RACK_82_86,rack,82,86,I
PASILLO_80_90,punto_pasillo,80,90,I
RACK_78_90,rack,78,90,I
RACK_82_90,rack,82,90,I
PASILLO_90_4,punto_pasillo,90,4,J
RACK_88_4,rack,88,4,J
RACK_92_4,rack,92,4,J
PASILLO_90_8,punto_pasillo,90,8,J
RACK_88_8,rack,88,8,J
RACK_92_8,rack,92,8,J
PASILLO_90_12,punto_pasillo,90,12,J
RACK_88_12,rack,88,12,J
RACK_92_12,rack,92,12,J
PASILLO_90_16,punto_pasillo,90,16,J
RACK_88_16,rack,88,16,J
RACK_92_16,rack,92,16,J
PASILLO_90_20,punto_pasillo,90,20,J
RACK_88_20,rack,88,20,J
RACK_92_20,rack,92,20,J
PASILLO_90_24,punto_pasillo,90,24,J
RACK_88_24,rack,88,24,J
RACK_92_24,rack,92,24,J
PASILLO_90_28,punto_pasillo,90,28,J
RACK_88_28,rack,88,28,J
RACK_92_28,rack,92,28,J
PASILLO_90_32,punto_pasillo,90,32,J
RACK_88_32,rack,88,32,J
RACK_92_32,rack,92,32,J
PASILLO_90_36,punto_pasillo,90,36,J
RACK_88_36,rack,88,36,J
RACK_92_36,rack,92,36,J
PASILLO_90_40,punto_pasillo,90,40,J
RACK_88_40,rack,88,40,J
RACK_92_40,rack,92,40,J
PASILLO_90_54,punto_pasillo,90,54,J
RACK_88_54,rack,88,54,J
RACK_92_54,rack,92,54,J
PASILLO_90_58,punto_pasillo,90,58,J
RACK_88_58,rack,88,58,J
RACK_92_58,rack,92,58,J
PASILLO_90_62,punto_pasillo,90,62,J
RACK_88_62,rack,88,62,J
RACK_92_62,rack,92,62,J
PASILLO_90_66,punto_pasillo,90,66,J
RACK_88_66,rack,88,66,J
RACK_92_66,rack,92,66,J
PASILLO_90_70,punto_pasillo,90,70,J
RACK_88_70,rack,88,70,J
RACK_92_70,rack,92,70,J
PASILLO_90_74,punto_pasillo,90,74,J
RACK_88_74,rack,88,74,J
RACK_92_74,rack,92,74,J
PASILLO_90_78,punto_pasillo,90,78,J
RACK_88_78,rack,88,78,J
RACK_92_78,rack,92,78,J
PASILLO_90_82,punto_pasillo,90,82,J
RACK_88_82,rack,88,82,J
RACK_92_82,rack,92,82,J
PASILLO_90_86,punto_pasillo,90,86,J
RACK_88_86,rack,88,86,J
RACK_92_86,rack,92,86,J
PASILLO_90_90,punto_pasillo,90,90,J
RACK_88_90,rack,88,90,J
RACK_92_90,rack,92,90,J
PASILLO_100_4,punto_pasillo,100,4,K
RACK_98_4,rack,98,4,K
RACK_102_4,rack,102,4,K
PASILLO_100_8,punto_pasillo,100,8,K
RACK_98_8,rack,98,8,K
RACK_102_8,rack,102,8,K
PASILLO_100_12,punto_pasillo,100,12,K
RACK_98_12,rack,98,12,K
RACK_102_12,rack,102,12,K
PASILLO_100_16,punto_pasillo,100,16,K
RACK_98_16,rack,98,16,K
RACK_102_16,rack,102,16,K
PASILLO_100_20,punto_pasillo,100,20,K
RACK_98_20,rack,98,20,K
RACK_102_20,rack,102,20,K
PASILLO_100_24,punto_pasillo,100,24,K
RACK_98_24,rack,98,24,K
RACK_102_24,rack,102,24,K
PASILLO_100_28,punto_pasillo,100,28,K
RACK_98_28,rack,98,28,K
RACK_102_28,rack,102,28,K
PASILLO_100_32,punto_pasillo,100,32,K
RACK_98_32,rack,98,32,K
RACK_102_32,rack,102,32,K
PASILLO_100_36,punto_pasillo,100,36,K
RACK_98_36,rack,98,36,K
RACK_102_36,rack,102,36,K
PASILLO_100_40,punto_pasillo,100,40,K
RACK_98_40,rack,98,40,K
RACK_102_40,rack,102,40,K
PASILLO_100_54,punto_pasillo,100,54,K
RACK_98_54,rack,98,54,K
RACK_102_54,rack,102,54,K
PASILLO_100_58,punto_pasillo,100,58,K
RACK_98_58,rack,98,58,K
RACK_102_58,rack,102,58,K
PASILLO_100_62,punto_pasillo,100,62,K
RACK_98_62,rack,98,62,K
RACK_102_62,rack,102,62,K
PASILLO_100_66,punto_pasillo,100,66,K
RACK_98_66,rack,98,66,K
RACK_102_66,rack,102,66,K
PASILLO_100_70,punto_pasillo,100,70,K
RACK_98_70,rack,98,70,K
RACK_102_70,rack,102,70,K
PASILLO_100_74,punto_pasillo,100,74,K
RACK_98_74,rack,98,74,K
RACK_102_74,rack,102,74,K
PASILLO_100_78,punto_pasillo,100,78,K
RACK_98_78,rack,98,78,K
RACK_102_78,rack,102,78,K
PASILLO_100_82,punto_pasillo,100,82,K
RACK_98_82,rack,98,82,K
RACK_102_82,rack,102,82,K
PASILLO_100_86,punto_pasillo,100,86,K
RACK_98_86,rack,98,86,K
RACK_102_86,rack,102,86,K
PASILLO_100_90,punto_pasillo,100,90,K
RACK_98_90,rack,98,90,K
RACK_102_90,rack,102,90,K
PASILLO_110_4,punto_pasillo,110,4,L
RACK_108_4,rack,108,4,L
RACK_112_4,rack,112,4,L
PASILLO_110_8,punto_pasillo,110,8,L
RACK_108_8,rack,108,8,L
RACK_112_8,rack,112,8,L
PASILLO_110_12,punto_pasillo,110,12,L
RACK_108_12,rack,108,12,L
RACK_112_12,rack,112,12,L
PASILLO_110_16,punto_pasillo,110,16,L
RACK_108_16,rack,108,16,L
RACK_112_16,rack,112,16,L
PASILLO_110_20,punto_pasillo,110,20,L
RACK_108_20,rack,108,20,L
RACK_112_20,rack,112,20,L
PASILLO_110_24,punto_pasillo,110,24,L
RACK_108_24,rack,108,24,L
RACK_112_24,rack,112,24,L
PASILLO_110_28,punto_pasillo,110,28,L
RACK_108_28,rack,108,28,L
RACK_112_28,rack,112,28,L
PASILLO_110_32,punto_pasillo,110,32,L
RACK_108_32,rack,108,32,L
RACK_112_32,rack,112,32,L
PASILLO_110_36,punto_pasillo,110,36,L
RACK_108_36,rack,108,36,L
RACK_112_36,rack,112,36,L
PASILLO_110_40,punto_pasillo,110,40,L
RACK_108_40,rack,108,40,L
RACK_112_40,rack,112,40,L
PASILLO_110_54,punto_pasillo,110,54,L
RACK_108_54,rack,108,54,L
RACK_112_54,rack,112,54,L
PASILLO_110_58,punto_pasillo,110,58,L
RACK_108_58,rack,108,58,L
RACK_112_58,rack,112,58,L
PASILLO_110_62,punto_pasillo,110,62,L
RACK_108_62,rack,108,62,L
RACK_112_62,rack,112,62,L
PASILLO_110_66,punto_pasillo,110,66,L
RACK_108_66,rack,108,66,L
RACK_112_66,rack,112,66,L
PASILLO_110_70,punto_pasillo,110,70,L
RACK_108_70,rack,108,70,L
RACK_112_70,rack,112,70,L
PASILLO_110_74,punto_pasillo,110,74,L
RACK_108_74,rack,108,74,L
RACK_112_74,rack,112,74,L
PASILLO_110_78,punto_pasillo,110,78,L
RACK_108_78,rack,108,78,L
RACK_112_78,rack,112,78,L
PASILLO_110_82,punto_pasillo,110,82,L
RACK_108_82,rack,108,82,L
RACK_112_82,rack,112,82,L
PASILLO_110_86,punto_pasillo,110,86,L
RACK_108_86,rack,108,86,L
RACK_112_86,rack,112,86,L
PASILLO_110_90,punto_pasillo,110,90,L
RACK_108_90,rack,108,90,L
RACK_112_90,rack,112,90,L
PASILLO_120_4,punto_pasillo,120,4,M
RACK_118_4,rack,118,4,M
RACK_122_4,rack,122,4,M
PASILLO_120_8,punto_pasillo,120,8,M
RACK_118_8,rack,118,8,M
RACK_122_8,rack,122,8,M
PASILLO_120_12,punto_pasillo,120,12,M
RACK_118_12,rack,118,12,M
RACK_122_12,rack,122,12,M
PASILLO_120_16,punto_pasillo,120,16,M
RACK_118_16,rack,118,16,M
RACK_122_16,rack,122,16,M
PASILLO_120_20,punto_pasillo,120,20,M
RACK_118_20,rack,118,20,M
RACK_122_20,rack,122,20,M
PASILLO_120_24,punto_pasillo,120,24,M
RACK_118_24,rack,118,24,M
RACK_122_24,rack,122,24,M
PASILLO_120_28,punto_pasillo,120,28,M
RACK_118_28,rack,118,28,M
RACK_122_28,rack,122,28,M
PASILLO_120_32,punto_pasillo,120,32,M
RACK_118_32,rack,118,32,M
RACK_122_32,rack,122,32,M
PASILLO_120_36,punto_pasillo,120,36,M
RACK_118_36,rack,118,36,M
RACK_122_36,rack,122,36,M
PASILLO_120_40,punto_pasillo,120,40,M
RACK_118_40,rack,118,40,M
RACK_122_40,rack,122,40,M
PASILLO_120_54,punto_pasillo,120,54,M
RACK_118_54,rack,118,54,M
RACK_122_54,rack,122,54,M
PASILLO_120_58,punto_pasillo,120,58,M
RACK_118_58,rack,118,58,M
RACK_122_58,rack,122,58,M
PASILLO_120_62,punto_pasillo,120,62,M
RACK_118_62,rack,118,62,M
RACK_122_62,rack,122,62,M
PASILLO_120_66,punto_pasillo,120,66,M
RACK_118_66,rack,118,66,M
RACK_122_66,rack,122,66,M
PASILLO_120_70,punto_pasillo,120,70,M
RACK_118_70,rack,118,70,M
RACK_122_70,rack,122,70,M
PASILLO_120_74,punto_pasillo,120,74,M
RACK_118_74,rack,118,74,M
RACK_122_74,rack,122,74,M
PASILLO_120_78,punto_pasillo,120,78,M
RACK_118_78,rack,118,78,M
RACK_122_78,rack,122,78,M
PASILLO_120_82,punto_pasillo,120,82,M
RACK_118_82,rack,118,82,M
RACK_122_82,rack,122,82,M
PASILLO_120_86,punto_pasillo,120,86,M
RACK_118_86,rack,118,86,M
RACK_122_86,rack,122,86,M
PASILLO_120_90,punto_pasillo,120,90,M
RACK_118_90,rack,118,90,M
RACK_122_90,rack,122,90,M
PASILLO_130_4,punto_pasillo,130,4,N
RACK_128_4,rack,128,4,N
RACK_132_4,rack,132,4,N
PASILLO_130_8,punto_pasillo,130,8,N
RACK_128_8,rack,128,8,N
RACK_132_8,rack,132,8,N
PASILLO_130_12,punto_pasillo,130,12,N
RACK_128_12,rack,128,12,N
RACK_132_12,rack,132,12,N
PASILLO_130_16,punto_pasillo,130,16,N
RACK_128_16,rack,128,16,N
RACK_132_16,rack,132,16,N
PASILLO_130_20,punto_pasillo,130,20,N
RACK_128_20,rack,128,20,N
RACK_132_20,rack,132,20,N
PASILLO_130_24,punto_pasillo,130,24,N
RACK_128_24,rack,128,24,N
RACK_132_24,rack,132,24,N
PASILLO_130_28,punto_pasillo,130,28,N
RACK_128_28,rack,128,28,N
RACK_132_28,rack,132,28,N
PASILLO_130_32,punto_pasillo,130,32,N
RACK_128_32,rack,128,32,N
RACK_132_32,rack,132,32,N
PASILLO_130_36,punto_pasillo,130,36,N
RACK_128_36,rack,128,36,N
RACK_132_36,rack,132,36,N
PASILLO_130_40,punto_pasillo,130,40,N
RACK_128_40,rack,128,40,N
RACK_132_40,rack,132,40,N
PASILLO_130_54,punto_pasillo,130,54,N
RACK_128_54,rack,128,54,N
RACK_132_54,rack,132,54,N
PASILLO_130_58,punto_pasillo,130,58,N
RACK_128_58,rack,128,58,N
RACK_132_58,rack,132,58,N
PASILLO_130_62,punto_pasillo,130,62,N
RACK_128_62,rack,128,62,N
RACK_132_62,rack,132,62,N
PASILLO_130_66,punto_pasillo,130,66,N
RACK_128_66,rack,128,66,N
RACK_132_66,rack,132,66,N
PASILLO_130_70,punto_pasillo,130,70,N
RACK_128_70,rack,128,70,N
RACK_132_70,rack,132,70,N
PASILLO_130_74,punto_pasillo,130,74,N
RACK_128_74,rack,128,74,N
RACK_132_74,rack,132,74,N
PASILLO_130_78,punto_pasillo,130,78,N
RACK_128_78,rack,128,78,N
RACK_132_78,rack,132,78,N
PASILLO_130_82,punto_pasillo,130,82,N
RACK_128_82,rack,128,82,N
RACK_132_82,rack,132,82,N
PASILLO_130_86,punto_pasillo,130,86,N
RACK_128_86,rack,128,86,N
RACK_132_86,rack,132,86,N
PASILLO_130_90,punto_pasillo,130,90,N
RACK_128_90,rack,128,90,N
RACK_132_90,rack,132,90,N
PASILLO_140_4,punto_pasillo,140,4,O
RACK_138_4,rack,138,4,O
RACK_142_4,rack,142,4,O
PASILLO_140_8,punto_pasillo,140,8,O
RACK_138_8,rack,138,8,O
RACK_142_8,rack,142,8,O
PASILLO_140_12,punto_pasillo,140,12,O
RACK_138_12,rack,138,12,O
RACK_142_12,rack,142,12,O
PASILLO_140_16,punto_pasillo,140,16,O
RACK_138_16,rack,138,16,O
RACK_142_16,rack,142,16,O
PASILLO_140_20,punto_pasillo,140,20,O
RACK_138_20,rack,138,20,O
RACK_142_20,rack,142,20,O
PASILLO_140_24,punto_pasillo,140,24,O
RACK_138_24,rack,138,24,O
RACK_142_24,rack,142,24,O
PASILLO_140_28,punto_pasillo,140,28,O
RACK_138_28,rack,138,28,O
RACK_142_28,rack,142,28,O
PASILLO_140_32,punto_pasillo,140,32,O
RACK_138_32,rack,138,32,O
RACK_142_32,rack,142,32,O
PASILLO_140_36,punto_pasillo,140,36,O
RACK_138_36,rack,138,36,O
RACK_142_36,rack,142,36,O
PASILLO_140_40,punto_pasillo,140,40,O
RACK_138_40,rack,138,40,O
RACK_142_40,rack,142,40,O
PASILLO_140_54,punto_pasillo,140,54,O
RACK_138_54,rack,138,54,O
RACK_142_54,rack,142,54,O
PASILLO_140_58,punto_pasillo,140,58,O
RACK_138_58,rack,138,58,O
RACK_142_58,rack,142,58,O
PASILLO_140_62,punto_pasillo,140,62,O
RACK_138_62,rack,138,62,O
RACK_142_62,rack,142,62,O
PASILLO_140_66,punto_pasillo,140,66,O
RACK_138_66,rack,138,66,O
RACK_142_66,rack,142,66,O
PASILLO_140_70,punto_pasillo,140,70,O
RACK_138_70,rack,138,70,O
RACK_142_70,rack,142,70,O
PASILLO_140_74,punto_pasillo,140,74,O
RACK_138_74,rack,138,74,O
RACK_142_74,rack,142,74,O
PASILLO_140_78,punto_pasillo,140,78,O
RACK_138_78,rack,138,78,O
RACK_142_78,rack,142,78,O
PASILLO_140_82,punto_pasillo,140,82,O
RACK_138_82,rack,138,82,O
RACK_142_82,rack,142,82,O
PASILLO_140_86,punto_pasillo,140,86,O
RACK_138_86,rack,138,86,O
RACK_142_86,rack,142,86,O
PASILLO_140_90,punto_pasillo,140,90,O
RACK_138_90,rack,138,90,O
RACK_142_90,rack,142,90,O
PASILLO_150_4,punto_pasillo,150,4,P
RACK_148_4,rack,148,4,P
RACK_152_4,rack,152,4,P
PASILLO_150_8,punto_pasillo,150,8,P
RACK_148_8,rack,148,8,P
RACK_152_8,rack,152,8,P
PASILLO_150_12,punto_pasillo,150,12,P
RACK_148_12,rack,148,12,P
RACK_152_12,rack,152,12,P
PASILLO_150_16,punto_pasillo,150,16,P
RACK_148_16,rack,148,16,P
RACK_152_16,rack,152,16,P
PASILLO_150_20,punto_pasillo,150,20,P
RACK_148_20,rack,148,20,P
RACK_152_20,rack,152,20,P
PASILLO_150_24,punto_pasillo,150,24,P
RACK_148_24,rack,148,24,P
RACK_152_24,rack,152,24,P
PASILLO_150_28,punto_pasillo,150,28,P
RACK_148_28,rack,148,28,P
RACK_152_28,rack,152,28,P
PASILLO_150_32,punto_pasillo,150,32,P
RACK_148_32,rack,148,32,P
RACK_152_32,rack,152,32,P
PASILLO_150_36,punto_pasillo,150,36,P
RACK_148_36,rack,148,36,P
RACK_152_36,rack,152,36,P
PASILLO_150_40,punto_pasillo,150,40,P
RACK_148_40,rack,148,40,P
RACK_152_40,rack,152,40,P
PASILLO_150_54,punto_pasillo,150,54,P
RACK_148_54,rack,148,54,P
RACK_152_54,rack,152,54,P
PASILLO_150_58,punto_pasillo,150,58,P
RACK_148_58,rack,148,58,P
RACK_152_58,rack,152,58,P
PASILLO_150_62,punto_pasillo,150,62,P
RACK_148_62,rack,148,62,P
RACK_152_62,rack,152,62,P
PASILLO_150_66,punto_pasillo,150,66,P
RACK_148_66,rack,148,66,P
RACK_152_66,rack,152,66,P
PASILLO_150_70,punto_pasillo,150,70,P
RACK_148_70,rack,148,70,P
RACK_152_70,rack,152,70,P
PASILLO_150_74,punto_pasillo,150,74,P
RACK_148_74,rack,148,74,P
RACK_152_74,rack,152,74,P
PASILLO_150_78,punto_pasillo,150,78,P
RACK_148_78,rack,148,78,P
RACK_152_78,rack,152,78,P
PASILLO_150_82,punto_pasillo,150,82,P
RACK_148_82,rack,148,82,P
RACK_152_82,rack,152,82,P
PASILLO_150_86,punto_pasillo,150,86,P
RACK_148_86,rack,148,86,P
RACK_152_86,rack,152,86,P
PASILLO_150_90,punto_pasillo,150,90,P
RACK_148_90,rack,148,90,P
RACK_152_90,rack,152,90,P
PASILLO_160_4,punto_pasillo,160,4,Q
RACK_158_4,rack,158,4,Q
RACK_162_4,rack,162,4,Q
PASILLO_160_8,punto_pasillo,160,8,Q
RACK_158_8,rack,158,8,Q
RACK_162_8,rack,162,8,Q
PASILLO_160_12,punto_pasillo,160,12,Q
RACK_158_12,rack,158,12,Q
RACK_162_12,rack,162,12,Q
PASILLO_160_16,punto_pasillo,160,16,Q
RACK_158_16,rack,158,16,Q
RACK_162_16,rack,162,16,Q
PASILLO_160_20,punto_pasillo,160,20,Q
RACK_158_20,rack,158,20,Q
RACK_162_20,rack,162,20,Q
PASILLO_160_24,punto_pasillo,160,24,Q
RACK_158_24,rack,158,24,Q
RACK_162_24,rack,162,24,Q
PASILLO_160_28,punto_pasillo,160,28,Q
RACK_158_28,rack,158,28,Q
RACK_162_28,rack,162,28,Q
PASILLO_160_32,punto_pasillo,160,32,Q
RACK_158_32,rack,158,32,Q
RACK_162_32,rack,162,32,Q
PASILLO_160_36,punto_pasillo,160,36,Q
RACK_158_36,rack,158,36,Q
RACK_162_36,rack,162,36,Q
PASILLO_160_40,punto_pasillo,160,40,Q
RACK_158_40,rack,158,40,Q
RACK_162_40,rack,162,40,Q
PASILLO_160_54,punto_pasillo,160,54,Q
RACK_158_54,rack,158,54,Q
RACK_162_54,rack,162,54,Q
PASILLO_160_58,punto_pasillo,160,58,Q
RACK_158_58,rack,158,58,Q
RACK_162_58,rack,162,58,Q
PASILLO_160_62,punto_pasillo,160,62,Q
RACK_158_62,rack,158,62,Q
RACK_162_62,rack,162,62,Q
PASILLO_160_66,punto_pasillo,160,66,Q
RACK_158_66,rack,158,66,Q
RACK_162_66,rack,162,66,Q
PASILLO_160_70,punto_pasillo,160,70,Q
RACK_158_70,rack,158,70,Q
RACK_162_70,rack,162,70,Q
PASILLO_160_74,punto_pasillo,160,74,Q
RACK_158_74,rack,158,74,Q
RACK_162_74,rack,162,74,Q
PASILLO_160_78,punto_pasillo,160,78,Q
RACK_158_78,rack,158,78,Q
RACK_162_78,rack,162,78,Q
PASILLO_160_82,punto_pasillo,160,82,Q
RACK_158_82,rack,158,82,Q
RACK_162_82,rack,162,82,Q
PASILLO_160_86,punto_pasillo,160,86,Q
RACK_158_86,rack,158,86,Q
RACK_162_86,rack,162,86,Q
PASILLO_160_90,punto_pasillo,160,90,Q
RACK_158_90,rack,158,90,Q
RACK_162_90,rack,162,90,Q
PASILLO_170_4,punto_pasillo,170,4,R
RACK_168_4,rack,168,4,R
RACK_172_4,rack,172,4,R
PASILLO_170_8,punto_pasillo,170,8,R
RACK_168_8,rack,168,8,R
RACK_172_8,rack,172,8,R
PASILLO_170_12,punto_pasillo,170,12,R
RACK_168_12,rack,168,12,R
RACK_172_12,rack,172,12,R
PASILLO_170_16,punto_pasillo,170,16,R
RACK_168_16,rack,168,16,R
RACK_172_16,rack,172,16,R
PASILLO_170_20,punto_pasillo,170,20,R
RACK_168_20,rack,168,20,R
RACK_172_20,rack,172,20,R
PASILLO_170_24,punto_pasillo,170,24,R
RACK_168_24,rack,168,24,R
RACK_172_24,rack,172,24,R
PASILLO_170_28,punto_pasillo,170,28,R
RACK_168_28,rack,168,28,R
RACK_172_28,rack,172,28,R
PASILLO_170_32,punto_pasillo,170,32,R
RACK_168_32,rack,168,32,R
RACK_172_32,rack,172,32,R
PASILLO_170_36,punto_pasillo,170,36,R
RACK_168_36,rack,168,36,R
RACK_172_36,rack,172,36,R
PASILLO_170_40,punto_pasillo,170,40,R
RACK_168_40,rack,168,40,R
RACK_172_40,rack,172,40,R
PASILLO_170_54,punto_pasillo,170,54,R
RACK_168_54,rack,168,54,R
RACK_172_54,rack,172,54,R
PASILLO_170_58,punto_pasillo,170,58,R
RACK_168_58,rack,168,58,R
RACK_172_58,rack,172,58,R
PASILLO_170_62,punto_pasillo,170,62,R
RACK_168_62,rack,168,62,R
RACK_172_62,rack,172,62,R
PASILLO_170_66,punto_pasillo,170,66,R
RACK_168_66,rack,168,66,R
RACK_172_66,rack,172,66,R
PASILLO_170_70,punto_pasillo,170,70,R
RACK_168_70,rack,168,70,R
RACK_172_70,rack,172,70,R
PASILLO_170_74,punto_pasillo,170,74,R
RACK_168_74,rack,168,74,R
RACK_172_74,rack,172,74,R
PASILLO_170_78,punto_pasillo,170,78,R
RACK_168_78,rack,168,78,R
RACK_172_78,rack,172,78,R
PASILLO_170_82,punto_pasillo,170,82,R
RACK_168_82,rack,168,82,R
RACK_172_82,rack,172,82,R
PASILLO_170_86,punto_pasillo,170,86,R
RACK_168_86,rack,168,86,R
RACK_172_86,rack,172,86,R
PASILLO_170_90,punto_pasillo,170,90,R
RACK_168_90,rack,168,90,R
RACK_172_90,rack,172,90,R
PASILLO_180_4,punto_pasillo,180,4,S
RACK_178_4,rack,178,4,S
RACK_182_4,rack,182,4,S
PASILLO_180_8,punto_pasillo,180,8,S
RACK_178_8,rack,178,8,S
RACK_182_8,rack,182,8,S
PASILLO_180_12,punto_pasillo,180,12,S
RACK_178_12,rack,178,12,S
RACK_182_12,rack,182,12,S
PASILLO_180_16,punto_pasillo,180,16,S
RACK_178_16,rack,178,16,S
RACK_182_16,rack,182,16,S
PASILLO_180_20,punto_pasillo,180,20,S
RACK_178_20,rack,178,20,S
RACK_182_20,rack,182,20,S
PASILLO_180_24,punto_pasillo,180,24,S
RACK_178_24,rack,178,24,S
RACK_182_24,rack,182,24,S
PASILLO_180_28,punto_pasillo,180,28,S
RACK_178_28,rack,178,28,S
RACK_182_28,rack,182,28,S
PASILLO_180_32,punto_pasillo,180,32,S
RACK_178_32,rack,178,32,S
RACK_182_32,rack,182,32,S
PASILLO_180_36,punto_pasillo,180,36,S
RACK_178_36,rack,178,36,S
RACK_182_36,rack,182,36,S
PASILLO_180_40,punto_pasillo,180,40,S
RACK_178_40,rack,178,40,S
RACK_182_40,rack,182,40,S
PASILLO_180_54,punto_pasillo,180,54,S
RACK_178_54,rack,178,54,S
RACK_182_54,rack,182,54,S
PASILLO_180_58,punto_pasillo,180,58,S
RACK_178_58,rack,178,58,S
RACK_182_58,rack,182,58,S
PASILLO_180_62,punto_pasillo,180,62,S
RACK_178_62,rack,178,62,S
RACK_182_62,rack,182,62,S
PASILLO_180_66,punto_pasillo,180,66,S
RACK_178_66,rack,178,66,S
RACK_182_66,rack,182,66,S
PASILLO_180_70,punto_pasillo,180,70,S
RACK_178_70,rack,178,70,S
RACK_182_70,rack,182,70,S
PASILLO_180_74,punto_pasillo,180,74,S
RACK_178_74,rack,178,74,S
RACK_182_74,rack,182,74,S
PASILLO_180_78,punto_pasillo,180,78,S
RACK_178_78,rack,178,78,S
RACK_182_78,rack,182,78,S
PASILLO_180_82,punto_pasillo,180,82,S
RACK_178_82,rack,178,82,S
RACK_182_82,rack,182,82,S
PASILLO_180_86,punto_pasillo,180,86,S
RACK_178_86,rack,178,86,S
RACK_182_86,rack,182,86,S
PASILLO_180_90,punto_pasillo,180,90,S
RACK_178_90,rack,178,90,S
RACK_182_90,rack,182,90,S
PASILLO_190_4,punto_pasillo,190,4,T
RACK_188_4,rack,188,4,T
RACK_192_4,rack,192,4,T
PASILLO_190_8,punto_pasillo,190,8,T
RACK_188_8,rack,188,8,T
RACK_192_8,rack,192,8,T
PASILLO_190_12,punto_pasillo,190,12,T
RACK_188_12,rack,188,12,T
RACK_192_12,rack,192,12,T
PASILLO_190_16,punto_pasillo,190,16,T
RACK_188_16,rack,188,16,T
RACK_192_16,rack,192,16,T
PASILLO_190_20,punto_pasillo,190,20,T
RACK_188_20,rack,188,20,T
RACK_192_20,rack,192,20,T
PASILLO_190_24,punto_pasillo,190,24,T
RACK_188_24,rack,188,24,T
RACK_192_24,rack,192,24,T
PASILLO_190_28,punto_pasillo,190,28,T
RACK_188_28,rack,188,28,T
RACK_192_28,rack,192,28,T
PASILLO_190_32,punto_pasillo,190,32,T
RACK_188_32,rack,188,32,T
RACK_192_32,rack,192,32,T
PASILLO_190_36,punto_pasillo,190,36,T
RACK_188_36,rack,188,36,T
RACK_192_36,rack,192,36,T
PASILLO_190_40,punto_pasillo,190,40,T
RACK_188_40,rack,188,40,T
RACK_192_40,rack,192,40,T
PASILLO_190_54,punto_pasillo,190,54,T
RACK_188_54,rack,188,54,T
RACK_192_54,rack,192,54,T
PASILLO_190_58,punto_pasillo,190,58,T
RACK_188_58,rack,188,58,T
RACK_192_58,rack,192,58,T
PASILLO_190_62,punto_pasillo,190,62,T
RACK_188_62,rack,188,62,T
RACK_192_62,rack,192,62,T
PASILLO_190_66,punto_pasillo,190,66,T
RACK_188_66,rack,188,66,T
RACK_192_66,rack,192,66,T
PASILLO_190_70,punto_pasillo,190,70,T
RACK_188_70,rack,188,70,T
RACK_192_70,rack,192,70,T
PASILLO_190_74,punto_pasillo,190,74,T
RACK_188_74,rack,188,74,T
RACK_192_74,rack,192,74,T
PASILLO_190_78,punto_pasillo,190,78,T
RACK_188_78,rack,188,78,T
RACK_192_78,rack,192,78,T
PASILLO_190_82,punto_pasillo,190,82,T
RACK_188_82,rack,188,82,T
RACK_192_82,rack,192,82,T
PASILLO_190_86,punto_pasillo,190,86,T
RACK_188_86,rack,188,86,T
RACK_192_86,rack,192,86,T
PASILLO_190_90,punto_pasillo,190,90,T
RACK_188_90,rack,188,90,T
RACK_192_90,rack,192,90,T
PASILLO_200_4,punto_pasillo,200,4,U
RACK_198_4,rack,198,4,U
RACK_202_4,rack,202,4,U
PASILLO_200_8,punto_pasillo,200,8,U
RACK_198_8,rack,198,8,U
RACK_202_8,rack,202,8,U
PASILLO_200_12,punto_pasillo,200,12,U
RACK_198_12,rack,198,12,U
RACK_202_12,rack,202,12,U
PASILLO_200_16,punto_pasillo,200,16,U
RACK_198_16,rack,198,16,U
RACK_202_16,rack,202,16,U
PASILLO_200_20,punto_pasillo,200,20,U
RACK_198_20,rack,198,20,U
RACK_202_20,rack,202,20,U
PASILLO_200_24,punto_pasillo,200,24,U
RACK_198_24,rack,198,24,U
RACK_202_24,rack,202,24,U
PASILLO_200_28,punto_pasillo,200,28,U
RACK_198_28,rack,198,28,U
RACK_202_28,rack,202,28,U
PASILLO_200_32,punto_pasillo,200,32,U
RACK_198_32,rack,198,32,U
RACK_202_32,rack,202,32,U
PASILLO_200_36,punto_pasillo,200,36,U
RACK_198_36,rack,198,36,U
RACK_202_36,rack,202,36,U
PASILLO_200_40,punto_pasillo,200,40,U
RACK_198_40,rack,198,40,U
RACK_202_40,rack,202,40,U
PASILLO_200_54,punto_pasillo,200,54,U
RACK_198_54,rack,198,54,U
RACK_202_54,rack,202,54,U
PASILLO_200_58,punto_pasillo,200,58,U
RACK_198_58,rack,198,58,U
RACK_202_58,rack,202,58,U
PASILLO_200_62,punto_pasillo,200,62,U
RACK_198_62,rack,198,62,U
RACK_202_62,rack,202,62,U
PASILLO_200_66,punto_pasillo,200,66,U
RACK_198_66,rack,198,66,U
RACK_202_66,rack,202,66,U
PASILLO_200_70,punto_pasillo,200,70,U
RACK_198_70,rack,198,70,U
RACK_202_70,rack,202,70,U
PASILLO_200_74,punto_pasillo,200,74,U
RACK_198_74,rack,198,74,U
RACK_202_74,rack,202,74,U
PASILLO_200_78,punto_pasillo,200,78,U
RACK_198_78,rack,198,78,U
RACK_202_78,rack,202,78,U
PASILLO_200_82,punto_pasillo,200,82,U
RACK_198_82,rack,198,82,U
RACK_202_82,rack,202,82,U
PASILLO_200_86,punto_pasillo,200,86,U
RACK_198_86,rack,198,86,U
RACK_202_86,rack,202,86,U
PASILLO_200_90,punto_pasillo,200,90,U
RACK_198_90,rack,198,90,U
RACK_202_90,rack,202,90,U
PASILLO_210_4,punto_pasillo,210,4,V
RACK_208_4,rack,208,4,V
RACK_212_4,rack,212,4,V
PASILLO_210_8,punto_pasillo,210,8,V
RACK_208_8,rack,208,8,V
RACK_212_8,rack,212,8,V
PASILLO_210_12,punto_pasillo,210,12,V
RACK_208_12,rack,208,12,V
RACK_212_12,rack,212,12,V
PASILLO_210_16,punto_pasillo,210,16,V
RACK_208_16,rack,208,16,V
RACK_212_16,rack,212,16,V
PASILLO_210_20,punto_pasillo,210,20,V
RACK_208_20,rack,208,20,V
RACK_212_20,rack,212,20,V
PASILLO_210_24,punto_pasillo,210,24,V
RACK_208_24,rack,208,24,V
RACK_212_24,rack,212,24,V
PASILLO_210_28,punto_pasillo,210,28,V
RACK_208_28,rack,208,28,V
RACK_212_28,rack,212,28,V
PASILLO_210_32,punto_pasillo,210,32,V
RACK_208_32,rack,208,32,V
RACK_212_32,rack,212,32,V
PASILLO_210_36,punto_pasillo,210,36,V
RACK_208_36,rack,208,36,V
RACK_212_36,rack,212,36,V
PASILLO_210_40,punto_pasillo,210,40,V
RACK_208_40,rack,208,40,V
RACK_212_40,rack,212,40,V
PASILLO_210_54,punto_pasillo,210,54,V
RACK_208_54,rack,208,54,V
RACK_212_54,rack,212,54,V
PASILLO_210_58,punto_pasillo,210,58,V
RACK_208_58,rack,208,58,V
RACK_212_58,rack,212,58,V
PASILLO_210_62,punto_pasillo,210,62,V
RACK_208_62,rack,208,62,V
RACK_212_62,rack,212,62,V
PASILLO_210_66,punto_pasillo,210,66,V
RACK_208_66,rack,208,66,V
RACK_212_66,rack,212,66,V
PASILLO_210_70,punto_pasillo,210,70,V
RACK_208_70,rack,208,70,V
RACK_212_70,rack,212,70,V
PASILLO_210_74,punto_pasillo,210,74,V
RACK_208_74,rack,208,74,V
RACK_212_74,rack,212,74,V
PASILLO_210_78,punto_pasillo,210,78,V
RACK_208_78,rack,208,78,V
RACK_212_78,rack,212,78,V
PASILLO_210_82,punto_pasillo,210,82,V
RACK_208_82,rack,208,82,V
RACK_212_82,rack,212,82,V
PASILLO_210_86,punto_pasillo,210,86,V
RACK_208_86,rack,208,86,V
RACK_212_86,rack,212,86,V
PASILLO_210_90,punto_pasillo,210,90,V
RACK_208_90,rack,208,90,V
RACK_212_90,rack,212,90,V
PASILLO_220_4,punto_pasillo,220,4,W
RACK_218_4,rack,218,4,W
RACK_222_4,rack,222,4,W
PASILLO_220_8,punto_pasillo,220,8,W
RACK_218_8,rack,218,8,W
RACK_222_8,rack,222,8,W
PASILLO_220_12,punto_pasillo,220,12,W
RACK_218_12,rack,218,12,W
RACK_222_12,rack,222,12,W
PASILLO_220_16,punto_pasillo,220,16,W
RACK_218_16,rack,218,16,W
RACK_222_16,rack,222,16,W
PASILLO_220_20,punto_pasillo,220,20,W
RACK_218_20,rack,218,20,W
RACK_222_20,rack,222,20,W
PASILLO_220_24,punto_pasillo,220,24,W
RACK_218_24,rack,218,24,W
RACK_222_24,rack,222,24,W
PASILLO_220_28,punto_pasillo,220,28,W
RACK_218_28,rack,218,28,W
RACK_222_28,rack,222,28,W
PASILLO_220_32,punto_pasillo,220,32,W
RACK_218_32,rack,218,32,W
RACK_222_32,rack,222,32,W
PASILLO_220_36,punto_pasillo,220,36,W
RACK_218_36,rack,218,36,W
RACK_222_36,rack,222,36,W
PASILLO_220_40,punto_pasillo,220,40,W
RACK_218_40,rack,218,40,W
RACK_222_40,rack,222,40,W
PASILLO_220_54,punto_pasillo,220,54,W
RACK_218_54,rack,218,54,W
RACK_222_54,rack,222,54,W
PASILLO_220_58,punto_pasillo,220,58,W
RACK_218_58,rack,218,58,W
RACK_222_58,rack,222,58,W
PASILLO_220_62,punto_pasillo,220,62,W
RACK_218_62,rack,218,62,W
RACK_222_62,rack,222,62,W
PASILLO_220_66,punto_pasillo,220,66,W
RACK_218_66,rack,218,66,W
RACK_222_66,rack,222,66,W
PASILLO_220_70,punto_pasillo,220,70,W
RACK_218_70,rack,218,70,W
RACK_222_70,rack,222,70,W
PASILLO_220_74,punto_pasillo,220,74,W
RACK_218_74,rack,218,74,W
RACK_222_74,rack,222,74,W
PASILLO_220_78,punto_pasillo,220,78,W
RACK_218_78,rack,218,78,W
RACK_222_78,rack,222,78,W
PASILLO_220_82,punto_pasillo,220,82,W
RACK_218_82,rack,218,82,W
RACK_222_82,rack,222,82,W
PASILLO_220_86,punto_pasillo,220,86,W
RACK_218_86,rack,218,86,W
RACK_222_86,rack,222,86,W
PASILLO_220_90,punto_pasillo,220,90,W
RACK_218_90,rack,218,90,W
RACK_222_90,rack,222,90,W
PASILLO_230_4,punto_pasillo,230,4,X
RACK_228_4,rack,228,4,X
RACK_232_4,rack,232,4,X
PASILLO_230_8,punto_pasillo,230,8,X
RACK_228_8,rack,228,8,X
RACK_232_8,rack,232,8,X
PASILLO_230_12,punto_pasillo,230,12,X
RACK_228_12,rack,228,12,X
RACK_232_12,rack,232,12,X
PASILLO_230_16,punto_pasillo,230,16,X
RACK_228_16,rack,228,16,X
RACK_232_16,rack,232,16,X
PASILLO_230_20,punto_pasillo,230,20,X
RACK_228_20,rack,228,20,X
RACK_232_20,rack,232,20,X
PASILLO_230_24,punto_pasillo,230,24,X
RACK_228_24,rack,228,24,X
RACK_232_24,rack,232,24,X
PASILLO_230_28,punto_pasillo,230,28,X
RACK_228_28,rack,228,28,X
RACK_232_28,rack,232,28,X
PASILLO_230_32,punto_pasillo,230,32,X
RACK_228_32,rack,228,32,X
RACK_232_32,rack,232,32,X
PASILLO_230_36,punto_pasillo,230,36,X
RACK_228_36,rack,228,36,X
RACK_232_36,rack,232,36,X
PASILLO_230_40,punto_pasillo,230,40,X
RACK_228_40,rack,228,40,X
RACK_232_40,rack,232,40,X
PASILLO_230_54,punto_pasillo,230,54,X
RACK_228_54,rack,228,54,X
RACK_232_54,rack,232,54,X
PASILLO_230_58,punto_pasillo,230,58,X
RACK_228_58,rack,228,58,X
RACK_232_58,rack,232,58,X
PASILLO_230_62,punto_pasillo,230,62,X
RACK_228_62,rack,228,62,X
RACK_232_62,rack,232,62,X
PASILLO_230_66,punto_pasillo,230,66,X
RACK_228_66,rack,228,66,X
RACK_232_66,rack,232,66,X
PASILLO_230_70,punto_pasillo,230,70,X
RACK_228_70,rack,228,70,X
RACK_232_70,rack,232,70,X
PASILLO_230_74,punto_pasillo,230,74,X
RACK_228_74,rack,228,74,X
RACK_232_74,rack,232,74,X
PASILLO_230_78,punto_pasillo,230,78,X
RACK_228_78,rack,228,78,X
RACK_232_78,rack,232,78,X
PASILLO_230_82,punto_pasillo,230,82,X
RACK_228_82,rack,228,82,X
RACK_232_82,rack,232,82,X
PASILLO_230_86,punto_pasillo,230,86,X
RACK_228_86,rack,228,86,X
RACK_232_86,rack,232,86,X
PASILLO_230_90,punto_pasillo,230,90,X
RACK_228_90,rack,228,90,X
RACK_232_90,rack,232,90,X
PASILLO_240_4,punto_pasillo,240,4,Y
RACK_238_4,rack,238,4,Y
RACK_242_4,rack,242,4,Y
PASILLO_240_8,punto_pasillo,240,8,Y
RACK_238_8,rack,238,8,Y
RACK_242_8,rack,242,8,Y
PASILLO_240_12,punto_pasillo,240,12,Y
RACK_238_12,rack,238,12,Y
RACK_242_12,rack,242,12,Y
PASILLO_240_16,punto_pasillo,240,16,Y
RACK_238_16,rack,238,16,Y
RACK_242_16,rack,242,16,Y
PASILLO_240_20,punto_pasillo,240,20,Y
RACK_238_20,rack,238,20,Y
RACK_242_20,rack,242,20,Y
PASILLO_240_24,punto_pasillo,240,24,Y
RACK_238_24,rack,238,24,Y
RACK_242_24,rack,242,24,Y
PASILLO_240_28,punto_pasillo,240,28,Y
RACK_238_28,rack,238,28,Y
RACK_242_28,rack,242,28,Y
PASILLO_240_32,punto_pasillo,240,32,Y
RACK_238_32,rack,238,32,Y
RACK_242_32,rack,242,32,Y
PASILLO_240_36,punto_pasillo,240,36,Y
RACK_238_36,rack,238,36,Y
RACK_242_36,rack,242,36,Y
PASILLO_240_40,punto_pasillo,240,40,Y
RACK_238_40,rack,238,40,Y
RACK_242_40,rack,242,40,Y
PASILLO_240_54,punto_pasillo,240,54,Y
RACK_238_54,rack,238,54,Y
RACK_242_54,rack,242,54,Y
PASILLO_240_58,punto_pasillo,240,58,Y
RACK_238_58,rack,238,58,Y
RACK_242_58,rack,242,58,Y
PASILLO_240_62,punto_pasillo,240,62,Y
RACK_238_62,rack,238,62,Y
RACK_242_62,rack,242,62,Y
PASILLO_240_66,punto_pasillo,240,66,Y
RACK_238_66,rack,238,66,Y
RACK_242_66,rack,242,66,Y
PASILLO_240_70,punto_pasillo,240,70,Y
RACK_238_70,rack,238,70,Y
RACK_242_70,rack,242,70,Y
PASILLO_240_74,punto_pasillo,240,74,Y
RACK_238_74,rack,238,74,Y
RACK_242_74,rack,242,74,Y
PASILLO_240_78,punto_pasillo,240,78,Y
RACK_238_78,rack,238,78,Y
RACK_242_78,rack,242,78,Y
PASILLO_240_82,punto_pasillo,240,82,Y
RACK_238_82,rack,238,82,Y
RACK_242_82,rack,242,82,Y
PASILLO_240_86,punto_pasillo,240,86,Y
RACK_238_86,rack,238,86,Y
RACK_242_86,rack,242,86,Y
PASILLO_240_90,punto_pasillo,240,90,Y
RACK_238_90,rack,238,90,Y
RACK_242_90,rack,242,90,Y
PASILLO_250_4,punto_pasillo,250,4,Z
RACK_248_4,rack,248,4,Z
RACK_252_4,rack,252,4,Z
PASILLO_250_8,punto_pasillo,250,8,Z
RACK_248_8,rack,248,8,Z
RACK_252_8,rack,252,8,Z
PASILLO_250_12,punto_pasillo,250,12,Z
RACK_248_12,rack,248,12,Z
RACK_252_12,rack,252,12,Z
PASILLO_250_16,punto_pasillo,250,16,Z
RACK_248_16,rack,248,16,Z
RACK_252_16,rack,252,16,Z
PASILLO_250_20,punto_pasillo,250,20,Z
RACK_248_20,rack,248,20,Z
RACK_252_20,rack,252,20,Z
PASILLO_250_24,punto_pasillo,250,24,Z
RACK_248_24,rack,248,24,Z
RACK_252_24,rack,252,24,Z
PASILLO_250_28,punto_pasillo,250,28,Z
RACK_248_28,rack,248,28,Z
RACK_252_28,rack,252,28,Z
PASILLO_250_32,punto_pasillo,250,32,Z
RACK_248_32,rack,248,32,Z
RACK_252_32,rack,252,32,Z
PASILLO_250_36,punto_pasillo,250,36,Z
RACK_248_36,rack,248,36,Z
RACK_252_36,rack,252,36,Z
PASILLO_250_40,punto_pasillo,250,40,Z
RACK_248_40,rack,248,40,Z
RACK_252_40,rack,252,40,Z
PASILLO_250_54,punto_pasillo,250,54,Z
RACK_248_54,rack,248,54,Z
RACK_252_54,rack,252,54,Z
PASILLO_250_58,punto_pasillo,250,58,Z
RACK_248_58,rack,248,58,Z
RACK_252_58,rack,252,58,Z
PASILLO_250_62,punto_pasillo,250,62,Z
RACK_248_62,rack,248,62,Z
RACK_252_62,rack,252,62,Z
PASILLO_250_66,punto_pasillo,250,66,Z
RACK_248_66,rack,248,66,Z
RACK_252_66,rack,252,66,Z
PASILLO_250_70,punto_pasillo,250,70,Z
RACK_248_70,rack,248,70,Z
RACK_252_70,rack,252,70,Z
PASILLO_250_74,punto_pasillo,250,74,Z
RACK_248_74,rack,248,74,Z
RACK_252_74,rack,252,74,Z
PASILLO_250_78,punto_pasillo,250,78,Z
RACK_248_78,rack,248,78,Z
RACK_252_78,rack,252,78,Z
PASILLO_250_82,punto_pasillo,250,82,Z
RACK_248_82,rack,248,82,Z
RACK_252_82,rack,252,82,Z
PASILLO_250_86,punto_pasillo,250,86,Z
RACK_248_86,rack,248,86,Z
RACK_252_86,rack,252,86,Z
PASILLO_250_90,punto_pasillo,250,90,Z
RACK_248_90,rack,248,90,Z
RACK_252_90,rack,252,90,Z
